Workbook
Name TeamPlayers: OFFSET(PlayerListHelper!$A$2, 0, 0, COUNTA(PlayerListHelper!$A:$A)-1, 1)

Sheet Dashboard
A2: Opponent Team | B2: Fairmont
A3: Last 5 Games | B3: TRUE
A7: Opponent Team Profile | E7: Player Profile | H7: Pitching Data
A8: Metric | B8: Value | C8: League AVG | E8: Select Player | F8: K.Thomas | H8: Select Player | I8: D.Haller | J8: Player per Inning | K8: Team Data per Inning | L8: League AVG per Inning
A9: AVG | B9: =IF(B3=TRUE,SUMIFS(Table1[H],Table1[Team],B2,Table1[Last5_Flag],1)/SUMIFS(Table1[AB],Table1[Team],B2,Table1[Last5_Flag],1),SUMIFS(Table1[H],Table1[Team],B2)/SUMIFS(Table1[AB],Table1[Team],B2)) -> 0.33333333 | C9: =IF(B3, SUMIFS(Table1[H], Table1[Last5_Flag], 1) / SUMIFS(Table1[AB], Table1[Last5_Flag], 1), SUM(Table1[H]) / SUM(Table1[AB]) ) -> 0.27603513 | E9: Position | F9: {=IFERROR( _xlfn.TEXTJOIN(", ", TRUE, _xlfn.MAP( _xlfn.TEXTSPLIT(F8, ", "), _xlfn.LAMBDA(_xlpm.player, _xlfn.LET( _xlpm.cleanPlayer, TRIM(_xlpm.player), _xlpm.pos, _xlfn.XLOOKUP(_xlpm.cleanPlayer, Table1[Player Name], Table1[Primary Position], "N/A"), _xlpm.pos ) ) ) ), "N/A")} -> PR | H9: IP | I9: {=IF(B3, IFERROR(INDEX(PitchersKey!B$2:B$100, MATCH(1, (PitchersKey!A$2:A$100=I8)*(PitchersKey!H$2:H$100=1), 0)), 0), IFERROR(INDEX(PitchersKey!B$2:B$100, MATCH(I8, PitchersKey!A$2:A$100, 0)), 0) )} -> 14.667 | J9: {=IF(B3, IFERROR(INDEX(PitchersKey!B$2:B$100, MATCH(1, (PitchersKey!A$2:A$100=I8)*(PitchersKey!H$2:H$100=1), 0)), 0), IFERROR(INDEX(PitchersKey!B$2:B$100, MATCH(I8, PitchersKey!A$2:A$100, 0)), 0) )} -> 14.667 | K9: =IF(B3, SUMIFS(PitchersKey!B$2:B$100, PitchersKey!C$2:C$100, ">0", PitchersKey!H$2:H$100, 1), SUMIFS(PitchersKey!B$2:B$100, PitchersKey!C$2:C$100, ">0") ) -> 33 | L9: =IF(B3, SUMIFS(Table1[IP], Table1[Last5_Flag], 1), SUM(Table1[IP]) ) -> 399.001
A10: OBP | B10: =IF(B3=TRUE,(SUMIFS(Table1[H],Table1[Team],B2,Table1[Last5_Flag],1)+SUMIFS(Table1[BB],Table1[Team],B2,Table1[Last5_Flag],1))/(SUMIFS(Table1[AB],Table1[Team],B2,Table1[Last5_Flag],1)+SUMIFS(Table1[BB],Table1[Team],B2,Table1[Last5_Flag],1)+SUMIFS(Table1[SF],Table1[Team],B2,Table1[Last5_Flag],1)), (SUMIFS(Table1[H],Table1[Team],B2)+SUMIFS(Table1[BB],Table1[Team],B2))/(SUMIFS(Table1[AB],Table1[Team],B2)+SUMIFS(Table1[BB],Table1[Team],B2)+SUMIFS(Table1[SF],Table1[Team],B2))) -> 0.42307692 | C10: =IF(B3, SUMIFS(Table1[Times on Base], Table1[Last5_Flag], 1) / SUMIFS(Table1[OBP Denominator], Table1[Last5_Flag], 1), SUM(Table1[Times on Base]) / SUM(Table1[OBP Denominator]) ) -> 0.34288926 | E10: AB | F10: =IF( Dashboard!$B$3, SUMIFS( Table1[AB], Table1[Player], F8, Table1[Team], Dashboard!$B$2, Table1[Last5_Flag], 1 ), SUMIFS( Table1[AB], Table1[Player], F8, Table1[Team], Dashboard!$B$2 ) ) -> 4 | H10: H_Allowed | I10: {=IF(B3, IFERROR(INDEX(PitchersKey!C$2:C$100, MATCH(1, (PitchersKey!A$2:A$100=I8)*(PitchersKey!H$2:H$100=1), 0)), 0), IFERROR(INDEX(PitchersKey!C$2:C$100, MATCH(I8, PitchersKey!A$2:A$100, 0)), 0) )} -> 13 | J10: =I10/$I$9 -> 0.88634349 | K10: =IF(B3, SUMIFS(PitchersKey!C$2:C$100, PitchersKey!B$2:B$100, ">0", PitchersKey!H$2:H$100, 1) / SUMIFS(PitchersKey!B$2:B$100, PitchersKey!C$2:C$100, ">0", PitchersKey!H$2:H$100, 1), SUMIFS(PitchersKey!C$2:C$100, PitchersKey!B$2:B$100, ">0") / SUMIFS(PitchersKey!B$2:B$100, PitchersKey!C$2:C$100, ">0") ) -> 0.78787879 | L10: =IF(B3, SUMIFS(Table1[H_Allowed], Table1[Position], "*P*", Table1[Last5_Flag], 1) / SUMIFS(Table1[IP], Table1[Position], "*P*", Table1[Last5_Flag], 1), SUMIFS(Table1[H_Allowed], Table1[Position], "*P*") / SUMIFS(Table1[IP], Table1[Position], "*P*") ) -> 1.1027541
A11: SLG | B11: =IF(B3=TRUE, SUMIFS(Table1[TB],Table1[Team],B2,Table1[Last5_Flag],1)/SUMIFS(Table1[AB],Table1[Team],B2,Table1[Last5_Flag],1), SUMIFS(Table1[TB],Table1[Team],B2)/SUMIFS(Table1[AB],Table1[Team],B2)) -> 0.61481481 | C11: =IF(B3, SUMIFS(Table1[TB], Table1[Last5_Flag], 1) / SUMIFS(Table1[AB], Table1[Last5_Flag], 1), SUM(Table1[TB]) / SUM(Table1[AB]) ) -> 0.45420326 | E11: AVG | F11: =IF(B3, SUMIFS(Table1[H], Table1[Team], B2, Table1[Player Name], F8, Table1[Last5_Flag], 1) / SUMIFS(Table1[AB], Table1[Team], B2, Table1[Player Name], F8, Table1[Last5_Flag], 1), SUMIFS(Table1[H], Table1[Team], B2, Table1[Player Name], F8) / SUMIFS(Table1[AB], Table1[Team], B2, Table1[Player Name], F8) ) -> 0 | H11: R_Allowed | I11: {=IF(B3, IFERROR(INDEX(PitchersKey!D$2:D$100, MATCH(1, (PitchersKey!A$2:A$100=I8)*(PitchersKey!H$2:H$100=1), 0)), 0), IFERROR(INDEX(PitchersKey!D$2:D$100, MATCH(I8, PitchersKey!A$2:A$100, 0)), 0) )} -> 3 | J11: =I11/$I$9 -> 0.20454081 | K11: =IF(B3, SUMIFS(PitchersKey!D$2:D$100, PitchersKey!B$2:B$100, ">0", PitchersKey!H$2:H$100, 1) / SUMIFS(PitchersKey!B$2:B$100, PitchersKey!B$2:B$100, ">0", PitchersKey!H$2:H$100, 1), SUMIFS(PitchersKey!D$2:D$100, PitchersKey!B$2:B$100, ">0") / SUMIFS(PitchersKey!B$2:B$100, PitchersKey!B$2:B$100, ">0") ) -> 0.18181818 | L11: =IF(B3, SUMIFS(Table1[R_Allowed], Table1[Position], "*P*", Table1[Last5_Flag], 1) / SUMIFS(Table1[IP], Table1[Position], "*P*", Table1[Last5_Flag], 1), SUMIFS(Table1[R_Allowed], Table1[Position], "*P*") / SUMIFS(Table1[IP], Table1[Position], "*P*") ) -> 0.67669003
A12: Runs/Game | B12: {=IF(B3=TRUE,SUMIFS(Table1[R],Table1[Team],B2,Table1[Last5_Flag],1)/COUNTA(_xlfn.UNIQUE(_xlfn._xlws.FILTER(Table1[Game_ID],(Table1[Team]=B2)*(Table1[Last5_Flag]=1)))),SUMIFS(Table1[R],Table1[Team],B2)/COUNTA(_xlfn.UNIQUE(_xlfn._xlws.FILTER(Table1[Game_ID],Table1[Team]=B2))))} -> 6 | C12: {=IF(B3, SUMIFS(Table1[R], Table1[Last5_Flag], 1) / COUNTA(_xlfn.UNIQUE(_xlfn._xlws.FILTER(Table1[Game_ID], Table1[Last5_Flag]=1))), SUM(Table1[R]) / COUNTA(_xlfn.UNIQUE(Table1[Game_ID])) )} -> 9 | E12: OBP | F12: =IF(B3, (SUMIFS(Table1[H], Table1[Team], B2, Table1[Player Name], F8, Table1[Last5_Flag],1) + SUMIFS(Table1[BB], Table1[Team], B2, Table1[Player Name], F8, Table1[Last5_Flag],1)) / (SUMIFS(Table1[AB], Table1[Team], B2, Table1[Player Name], F8, Table1[Last5_Flag],1) + SUMIFS(Table1[BB], Table1[Team], B2, Table1[Player Name], F8, Table1[Last5_Flag],1) + SUMIFS(Table1[SF], Table1[Team], B2, Table1[Player Name], F8, Table1[Last5_Flag],1)), (SUMIFS(Table1[H], Table1[Team], B2, Table1[Player Name], F8) + SUMIFS(Table1[BB], Table1[Team], B2, Table1[Player Name], F8)) / (SUMIFS(Table1[AB], Table1[Team], B2, Table1[Player Name], F8) + SUMIFS(Table1[BB], Table1[Team], B2, Table1[Player Name], F8) + SUMIFS(Table1[SF], Table1[Team], B2, Table1[Player Name], F8)) ) -> 0 | H12: ER | I12: {=IF(B3, IFERROR(INDEX(PitchersKey!E$2:E$100, MATCH(1, (PitchersKey!A$2:A$100=I8)*(PitchersKey!H$2:H$100=1), 0)), 0), IFERROR(INDEX(PitchersKey!E$2:E$100, MATCH(I8, PitchersKey!A$2:A$100, 0)), 0) )} -> 1 | J12: =I12/$I$9 -> 0.068180269 | K12: =IF(B3, SUMIFS(PitchersKey!E$2:E$100, PitchersKey!B$2:B$100, ">0", PitchersKey!H$2:H$100, 1) / SUMIFS(PitchersKey!B$2:B$100, PitchersKey!B$2:B$100, ">0", PitchersKey!H$2:H$100, 1), SUMIFS(PitchersKey!E$2:E$100, PitchersKey!B$2:B$100, ">0") / SUMIFS(PitchersKey!B$2:B$100, PitchersKey!B$2:B$100, ">0") ) -> 0.12121212 | L12: =IF(B3, SUMIFS(Table1[ER], Table1[Position], "*P*", Table1[Last5_Flag], 1) / SUMIFS(Table1[IP], Table1[Position], "*P*", Table1[Last5_Flag], 1), SUMIFS(Table1[ER], Table1[Position], "*P*") / SUMIFS(Table1[IP], Table1[Position], "*P*") ) -> 0.51628943
A13: SB/Game | B13: {=IF(B3=TRUE,SUMIFS(Table1[SB],Table1[Team],B2,Table1[Last5_Flag],1)/COUNTA(_xlfn.UNIQUE(_xlfn._xlws.FILTER(Table1[Game_ID],(Table1[Team]=B2)*(Table1[Last5_Flag]=1)))),SUMIFS(Table1[SB],Table1[Team],B2)/COUNTA(_xlfn.UNIQUE(_xlfn._xlws.FILTER(Table1[Game_ID],Table1[Team]=B2))))} -> 1.8 | C13: {=IF(B3, SUMIFS(Table1[SB], Table1[Last5_Flag], 1) / COUNTA(_xlfn.UNIQUE(_xlfn._xlws.FILTER(Table1[Game_ID], Table1[Last5_Flag]=1))), SUM(Table1[SB]) / COUNTA(_xlfn.UNIQUE(Table1[Game_ID])) )} -> 2.6666667 | E13: SLG | F13: =IF(B3, SUMIFS(Table1[TB], Table1[Team], B2, Table1[Player Name], F8, Table1[Last5_Flag],1) / SUMIFS(Table1[AB], Table1[Team], B2, Table1[Player Name], F8, Table1[Last5_Flag],1), SUMIFS(Table1[TB], Table1[Team], B2, Table1[Player Name], F8) / SUMIFS(Table1[AB], Table1[Team], B2, Table1[Player Name], F8) ) -> 0 | H13: BB_Allowed | I13: {=IF(B3, IFERROR(INDEX(PitchersKey!F$2:F$100, MATCH(1, (PitchersKey!A$2:A$100=I8)*(PitchersKey!H$2:H$100=1), 0)), 0), IFERROR(INDEX(PitchersKey!F$2:F$100, MATCH(I8, PitchersKey!A$2:A$100, 0)), 0) )} -> 5 | J13: =I13/$I$9 -> 0.34090134 | K13: =IF(B3, SUMIFS(PitchersKey!F$2:F$100, PitchersKey!B$2:B$100, ">0", PitchersKey!H$2:H$100, 1) / SUMIFS(PitchersKey!B$2:B$100, PitchersKey!B$2:B$100, ">0", PitchersKey!H$2:H$100, 1), SUMIFS(PitchersKey!F$2:F$100, PitchersKey!B$2:B$100, ">0") / SUMIFS(PitchersKey!B$2:B$100, PitchersKey!B$2:B$100, ">0") ) -> 0.36363636 | L13: =IF(B3, SUMIFS(Table1[BB_Allowed], Table1[Position], "*P*", Table1[Last5_Flag], 1) / SUMIFS(Table1[IP], Table1[Position], "*P*", Table1[Last5_Flag], 1), SUMIFS(Table1[BB_Allowed], Table1[Position], "*P*") / SUMIFS(Table1[IP], Table1[Position], "*P*") ) -> 0.4260641
A14: Errors/Game | B14: {=IF(B3=TRUE,SUMIFS(Table1[Errors],Table1[Team],B2,Table1[Last5_Flag],1)/COUNTA(_xlfn.UNIQUE(_xlfn._xlws.FILTER(Table1[Game_ID],(Table1[Team]=B2)*(Table1[Last5_Flag]=1)))),SUMIFS(Table1[Errors],Table1[Team],B2)/COUNTA(_xlfn.UNIQUE(_xlfn._xlws.FILTER(Table1[Game_ID],Table1[Team]=B2))))} -> 0.4 | C14: {=IF(B3, SUMIFS(Table1[Errors], Table1[Last5_Flag], 1) / COUNTA(_xlfn.UNIQUE(_xlfn._xlws.FILTER(Table1[Game_ID], Table1[Last5_Flag]=1))), SUM(Table1[Errors]) / COUNTA(_xlfn.UNIQUE(Table1[Game_ID])) )} -> 2.0333333 | E14: K% | F14: =IF(B3, SUMIFS(Table1[SO], Table1[Team], B2, Table1[Player Name], F8, Table1[Last5_Flag],1) / (SUMIFS(Table1[AB], Table1[Team], B2, Table1[Player Name], F8, Table1[Last5_Flag],1) + SUMIFS(Table1[BB], Table1[Team], B2, Table1[Player Name], F8, Table1[Last5_Flag],1) + SUMIFS(Table1[SF], Table1[Team], B2, Table1[Player Name], F8, Table1[Last5_Flag],1)), SUMIFS(Table1[SO], Table1[Team], B2, Table1[Player Name], F8) / (SUMIFS(Table1[AB], Table1[Team], B2, Table1[Player Name], F8) + SUMIFS(Table1[BB], Table1[Team], B2, Table1[Player Name], F8) + SUMIFS(Table1[SF], Table1[Team], B2, Table1[Player Name], F8)) ) -> 0.75 | H14: Strikeouts | I14: {=IF(B3, IFERROR(INDEX(PitchersKey!G$2:G$100, MATCH(1, (PitchersKey!A$2:A$100=I8)*(PitchersKey!H$2:H$100=1), 0)), 0), IFERROR(INDEX(PitchersKey!G$2:G$100, MATCH(I8, PitchersKey!A$2:A$100, 0)), 0) )} -> 10 | J14: =I14/$I$9 -> 0.68180269 | K14: =IF(B3, SUMIFS(PitchersKey!G$2:G$100, PitchersKey!B$2:B$100, ">0", PitchersKey!H$2:H$100, 1) / SUMIFS(PitchersKey!B$2:B$100, PitchersKey!B$2:B$100, ">0", PitchersKey!H$2:H$100, 1), SUMIFS(PitchersKey!G$2:G$100, PitchersKey!B$2:B$100, ">0") / SUMIFS(PitchersKey!B$2:B$100, PitchersKey!B$2:B$100, ">0") ) -> 0.60606061 | L14: =IF(B3, SUMIFS(Table1[K_Pitch], Table1[Position], "*P*", Table1[Last5_Flag], 1) / SUMIFS(Table1[IP], Table1[Position], "*P*", Table1[Last5_Flag], 1), SUMIFS(Table1[K_Pitch], Table1[Position], "*P*") / SUMIFS(Table1[IP], Table1[Position], "*P*") ) -> 0.63157736
A15: K% | B15: =IF(B3, SUMIFS(Table1[SO], Table1[Team], B2, Table1[Last5_Flag], 1) / (SUMIFS(Table1[AB], Table1[Team], B2, Table1[Last5_Flag], 1) + SUMIFS(Table1[BB], Table1[Team], B2, Table1[Last5_Flag], 1)), SUMIFS(Table1[SO], Table1[Team], B2) / (SUMIFS(Table1[AB], Table1[Team], B2) + SUMIFS(Table1[BB], Table1[Team], B2)) ) -> 0.15384615 | C15: =IF(Dashboard!B3, SUMIFS(Table1[SO], Table1[Last5_Flag],1) / (SUMIFS(Table1[AB], Table1[Last5_Flag],1) + SUMIFS(Table1[BB], Table1[Last5_Flag],1)), SUM(Table1[SO]) / (SUM(Table1[AB]) + SUM(Table1[BB])) ) -> 0.14285714 | E15: BB% | F15: =IF(B3, SUMIFS(Table1[BB], Table1[Team], B2, Table1[Player Name], F8, Table1[Last5_Flag],1) / (SUMIFS(Table1[AB], Table1[Team], B2, Table1[Player Name], F8, Table1[Last5_Flag],1) + SUMIFS(Table1[BB], Table1[Team], B2, Table1[Player Name], F8, Table1[Last5_Flag],1) + SUMIFS(Table1[SF], Table1[Team], B2, Table1[Player Name], F8, Table1[Last5_Flag],1)), SUMIFS(Table1[BB], Table1[Team], B2, Table1[Player Name], F8) / (SUMIFS(Table1[AB], Table1[Team], B2, Table1[Player Name], F8) + SUMIFS(Table1[BB], Table1[Team], B2, Table1[Player Name], F8) + SUMIFS(Table1[SF], Table1[Team], B2, Table1[Player Name], F8)) ) -> 0
A16: BB% | B16: =IF(B3, SUMIFS(Table1[BB], Table1[Team], B2, Table1[Last5_Flag], 1) / (SUMIFS(Table1[AB], Table1[Team], B2, Table1[Last5_Flag], 1) + SUMIFS(Table1[BB], Table1[Team], B2, Table1[Last5_Flag], 1)), SUMIFS(Table1[BB], Table1[Team], B2) / (SUMIFS(Table1[AB], Table1[Team], B2) + SUMIFS(Table1[BB], Table1[Team], B2)) ) -> 0.13461538 | C16: =IF(Dashboard!B3, SUMIFS(Table1[BB], Table1[Last5_Flag],1) / (SUMIFS(Table1[AB], Table1[Last5_Flag],1) + SUMIFS(Table1[BB], Table1[Last5_Flag],1)), SUM(Table1[BB]) / (SUM(Table1[AB]) + SUM(Table1[BB])) ) -> 0.096371882 | E16: Fielding Errors | F16: =IF(B3, SUMIFS(Table1[Errors], Table1[Team], B2, Table1[Player Name], F8, Table1[Last5_Flag], 1), SUMIFS(Table1[Errors], Table1[Team], B2, Table1[Player Name], F8) ) -> 0
A18: Lineup Tendencies | H18: Top Hitting Threats by Runs Created
A19: Batting Spot | B19: Most Used Player | C19: Most Frequent Position | D19: AVG | E19: Runs/Game | F19: RBI/Game | H19: Player | I19: AVG | J19: OBP | K19: SLG | L19: OPS | M19: TB | N19: SB | O19: Runs Created
A20: 1 | B20: {=IFERROR( _xlfn.TEXTJOIN(", ", TRUE, _xlfn.UNIQUE( _xlfn._xlws.FILTER( LineupKey!C:C, (LineupKey!A:A=Dashboard!$B$2) * (LineupKey!B:B=Dashboard!A20) * (IF(Dashboard!$B$3, LineupKey!D:D=1, TRUE)) * (LineupKey!E:E=MAX( _xlfn._xlws.FILTER(LineupKey!E:E, (LineupKey!A:A=Dashboard!$B$2) * (LineupKey!B:B=Dashboard!A20) * (IF(Dashboard!$B$3, LineupKey!D:D=1, TRUE)) ) )) ) ) ), "N/A")} -> B.Hess, K.Thomas | C20: {=IFERROR( _xlfn.TEXTJOIN(", ", TRUE, _xlfn.MAP( _xlfn.TEXTSPLIT(B20, ", "), _xlfn.LAMBDA(_xlpm.player, _xlfn.LET( _xlpm.cleanPlayer, TRIM(_xlpm.player), _xlpm.pos, _xlfn.XLOOKUP(_xlpm.cleanPlayer, Table1[Player], Table1[Primary Position], "N/A"), _xlpm.pos ) ) ) ), "N/A")} -> RF, PR | D20: {=_xlfn.LET( _xlpm.players, _xlfn.TEXTSPLIT(B20, ", "), _xlpm.hits, SUM(SUMIFS(Table1[H], Table1[Team], B$2, Table1[Player], _xlpm.players, Table1[Last5_Flag], IF(B$3, 1, "<>"))), _xlpm.ab, SUM(SUMIFS(Table1[AB], Table1[Team], B$2, Table1[Player], _xlpm.players, Table1[Last5_Flag], IF(B$3, 1, "<>"))), IF(_xlpm.ab=0, 0, _xlpm.hits/_xlpm.ab) )} -> 0.42105263 | E20: {=_xlfn.LET( _xlpm.players, _xlfn.TEXTSPLIT(B20, ", "), _xlpm.runs, SUM(SUMIFS(Table1[R], Table1[Team], B$2, Table1[Player], _xlpm.players, Table1[Last5_Flag], IF(B$3, 1, "<>"))), _xlpm.games, COUNTA(_xlfn.UNIQUE(_xlfn._xlws.FILTER(Table1[Game_ID], (Table1[Team]=B$2) * (ISNUMBER(MATCH(Table1[Player Name], _xlpm.players, 0))) * (Table1[Last5_Flag]=IF(B$3, 1, "<>"))))), IF(_xlpm.games=0, 0, _xlpm.runs/_xlpm.games) )} -> 1.4 | F20: {=_xlfn.LET( _xlpm.players, _xlfn.TEXTSPLIT(B20, ", "), _xlpm.rbi, SUM(SUMIFS(Table1[RBI], Table1[Team], B$2, Table1[Player], _xlpm.players, Table1[Last5_Flag], IF(B$3, 1, "<>"))), _xlpm.games, COUNTA(_xlfn.UNIQUE(_xlfn._xlws.FILTER(Table1[Game_ID], (Table1[Team]=B$2) * (ISNUMBER(MATCH(Table1[Player], _xlpm.players, 0))) * (Table1[Last5_Flag]=IF(B$3, 1, "<>"))))), IF(_xlpm.games=0, 0, _xlpm.rbi/_xlpm.games) )} -> 0.8 | H20: {=IF(B3,INDEX(_xlfn.SORTBY(PlayerKey!A2:I100,PlayerKey!I2:I100,-1), _xlfn.SEQUENCE(5), {1,3,4,5,6,7,8,9}), INDEX(_xlfn.SORTBY(PlayerKey!A2:I100,PlayerKey!I2:I100,-1), _xlfn.SEQUENCE(5), {1,3,4,5,6,7,8,9}))} -> B.Marietta | I20: 0.61538462 | J20: 0.66666667 | K20: 1.4615385 | L20: 2.1282051 | M20: 19 | N20: 0 | O20: 10.133333
A21: 2 | B21: {=IFERROR( _xlfn.TEXTJOIN(", ", TRUE, _xlfn.UNIQUE( _xlfn._xlws.FILTER( LineupKey!C:C, (LineupKey!A:A=Dashboard!$B$2) * (LineupKey!B:B=Dashboard!A21) * (IF(Dashboard!$B$3, LineupKey!D:D=1, TRUE)) * (LineupKey!E:E=MAX( _xlfn._xlws.FILTER(LineupKey!E:E, (LineupKey!A:A=Dashboard!$B$2) * (LineupKey!B:B=Dashboard!A21) * (IF(Dashboard!$B$3, LineupKey!D:D=1, TRUE)) ) )) ) ) ), "N/A")} -> A.Townsend, A.Nogay, G.Ramm | C21: {=IFERROR( _xlfn.TEXTJOIN(", ", TRUE, _xlfn.MAP( _xlfn.TEXTSPLIT(B21, ", "), _xlfn.LAMBDA(_xlpm.player, _xlfn.LET( _xlpm.cleanPlayer, TRIM(_xlpm.player), _xlpm.pos, _xlfn.XLOOKUP(_xlpm.cleanPlayer, Table1[Player], Table1[Primary Position], "N/A"), _xlpm.pos ) ) ) ), "N/A")} -> CF, PR, PR | D21: {=_xlfn.LET( _xlpm.players, _xlfn.TEXTSPLIT(B21, ", "), _xlpm.hits, SUM(SUMIFS(Table1[H], Table1[Team], B$2, Table1[Player], _xlpm.players, Table1[Last5_Flag], IF(B$3, 1, "<>"))), _xlpm.ab, SUM(SUMIFS(Table1[AB], Table1[Team], B$2, Table1[Player], _xlpm.players, Table1[Last5_Flag], IF(B$3, 1, "<>"))), IF(_xlpm.ab=0, 0, _xlpm.hits/_xlpm.ab) )} -> 0.3 | E21: {=_xlfn.LET( _xlpm.players, _xlfn.TEXTSPLIT(B21, ", "), _xlpm.runs, SUM(SUMIFS(Table1[R], Table1[Team], B$2, Table1[Player], _xlpm.players, Table1[Last5_Flag], IF(B$3, 1, "<>"))), _xlpm.games, COUNTA(_xlfn.UNIQUE(_xlfn._xlws.FILTER(Table1[Game_ID], (Table1[Team]=B$2) * (ISNUMBER(MATCH(Table1[Player Name], _xlpm.players, 0))) * (Table1[Last5_Flag]=IF(B$3, 1, "<>"))))), IF(_xlpm.games=0, 0, _xlpm.runs/_xlpm.games) )} -> 0.8 | F21: {=_xlfn.LET( _xlpm.players, _xlfn.TEXTSPLIT(B21, ", "), _xlpm.rbi, SUM(SUMIFS(Table1[RBI], Table1[Team], B$2, Table1[Player], _xlpm.players, Table1[Last5_Flag], IF(B$3, 1, "<>"))), _xlpm.games, COUNTA(_xlfn.UNIQUE(_xlfn._xlws.FILTER(Table1[Game_ID], (Table1[Team]=B$2) * (ISNUMBER(MATCH(Table1[Player], _xlpm.players, 0))) * (Table1[Last5_Flag]=IF(B$3, 1, "<>"))))), IF(_xlpm.games=0, 0, _xlpm.rbi/_xlpm.games) )} -> 0.2 | H21: J.McGill | I21: 0.66666667 | J21: 0.75 | K21: 1.1666667 | L21: 1.9166667 | M21: 14 | N21: 1 | O21: 7
A22: 3 | B22: {=IFERROR( _xlfn.TEXTJOIN(", ", TRUE, _xlfn.UNIQUE( _xlfn._xlws.FILTER( LineupKey!C:C, (LineupKey!A:A=Dashboard!$B$2) * (LineupKey!B:B=Dashboard!A22) * (IF(Dashboard!$B$3, LineupKey!D:D=1, TRUE)) * (LineupKey!E:E=MAX( _xlfn._xlws.FILTER(LineupKey!E:E, (LineupKey!A:A=Dashboard!$B$2) * (LineupKey!B:B=Dashboard!A22) * (IF(Dashboard!$B$3, LineupKey!D:D=1, TRUE)) ) )) ) ) ), "N/A")} -> E.Paul, L.Alsop | C22: {=IFERROR( _xlfn.TEXTJOIN(", ", TRUE, _xlfn.MAP( _xlfn.TEXTSPLIT(B22, ", "), _xlfn.LAMBDA(_xlpm.player, _xlfn.LET( _xlpm.cleanPlayer, TRIM(_xlpm.player), _xlpm.pos, _xlfn.XLOOKUP(_xlpm.cleanPlayer, Table1[Player], Table1[Primary Position], "N/A"), _xlpm.pos ) ) ) ), "N/A")} -> SS, P | D22: {=_xlfn.LET( _xlpm.players, _xlfn.TEXTSPLIT(B22, ", "), _xlpm.hits, SUM(SUMIFS(Table1[H], Table1[Team], B$2, Table1[Player], _xlpm.players, Table1[Last5_Flag], IF(B$3, 1, "<>"))), _xlpm.ab, SUM(SUMIFS(Table1[AB], Table1[Team], B$2, Table1[Player], _xlpm.players, Table1[Last5_Flag], IF(B$3, 1, "<>"))), IF(_xlpm.ab=0, 0, _xlpm.hits/_xlpm.ab) )} -> 0.36842105 | E22: {=_xlfn.LET( _xlpm.players, _xlfn.TEXTSPLIT(B22, ", "), _xlpm.runs, SUM(SUMIFS(Table1[R], Table1[Team], B$2, Table1[Player], _xlpm.players, Table1[Last5_Flag], IF(B$3, 1, "<>"))), _xlpm.games, COUNTA(_xlfn.UNIQUE(_xlfn._xlws.FILTER(Table1[Game_ID], (Table1[Team]=B$2) * (ISNUMBER(MATCH(Table1[Player Name], _xlpm.players, 0))) * (Table1[Last5_Flag]=IF(B$3, 1, "<>"))))), IF(_xlpm.games=0, 0, _xlpm.runs/_xlpm.games) )} -> 1.2 | F22: {=_xlfn.LET( _xlpm.players, _xlfn.TEXTSPLIT(B22, ", "), _xlpm.rbi, SUM(SUMIFS(Table1[RBI], Table1[Team], B$2, Table1[Player], _xlpm.players, Table1[Last5_Flag], IF(B$3, 1, "<>"))), _xlpm.games, COUNTA(_xlfn.UNIQUE(_xlfn._xlws.FILTER(Table1[Game_ID], (Table1[Team]=B$2) * (ISNUMBER(MATCH(Table1[Player], _xlpm.players, 0))) * (Table1[Last5_Flag]=IF(B$3, 1, "<>"))))), IF(_xlpm.games=0, 0, _xlpm.rbi/_xlpm.games) )} -> 1.4 | H22: E.Paul | I22: 0.41176471 | J22: 0.47368421 | K22: 0.88235294 | L22: 1.3560372 | M22: 15 | N22: 1 | O22: 5.5263158
A23: 4 | B23: {=IFERROR( _xlfn.TEXTJOIN(", ", TRUE, _xlfn.UNIQUE( _xlfn._xlws.FILTER( LineupKey!C:C, (LineupKey!A:A=Dashboard!$B$2) * (LineupKey!B:B=Dashboard!A23) * (IF(Dashboard!$B$3, LineupKey!D:D=1, TRUE)) * (LineupKey!E:E=MAX( _xlfn._xlws.FILTER(LineupKey!E:E, (LineupKey!A:A=Dashboard!$B$2) * (LineupKey!B:B=Dashboard!A23) * (IF(Dashboard!$B$3, LineupKey!D:D=1, TRUE)) ) )) ) ) ), "N/A")} -> B.Marietta, K.Thomas, A.Nordling | C23: {=IFERROR( _xlfn.TEXTJOIN(", ", TRUE, _xlfn.MAP( _xlfn.TEXTSPLIT(B23, ", "), _xlfn.LAMBDA(_xlpm.player, _xlfn.LET( _xlpm.cleanPlayer, TRIM(_xlpm.player), _xlpm.pos, _xlfn.XLOOKUP(_xlpm.cleanPlayer, Table1[Player], Table1[Primary Position], "N/A"), _xlpm.pos ) ) ) ), "N/A")} -> DP, PR, PH | D23: {=_xlfn.LET( _xlpm.players, _xlfn.TEXTSPLIT(B23, ", "), _xlpm.hits, SUM(SUMIFS(Table1[H], Table1[Team], B$2, Table1[Player], _xlpm.players, Table1[Last5_Flag], IF(B$3, 1, "<>"))), _xlpm.ab, SUM(SUMIFS(Table1[AB], Table1[Team], B$2, Table1[Player], _xlpm.players, Table1[Last5_Flag], IF(B$3, 1, "<>"))), IF(_xlpm.ab=0, 0, _xlpm.hits/_xlpm.ab) )} -> 0.38095238 | E23: {=_xlfn.LET( _xlpm.players, _xlfn.TEXTSPLIT(B23, ", "), _xlpm.runs, SUM(SUMIFS(Table1[R], Table1[Team], B$2, Table1[Player], _xlpm.players, Table1[Last5_Flag], IF(B$3, 1, "<>"))), _xlpm.games, COUNTA(_xlfn.UNIQUE(_xlfn._xlws.FILTER(Table1[Game_ID], (Table1[Team]=B$2) * (ISNUMBER(MATCH(Table1[Player Name], _xlpm.players, 0))) * (Table1[Last5_Flag]=IF(B$3, 1, "<>"))))), IF(_xlpm.games=0, 0, _xlpm.runs/_xlpm.games) )} -> 0.6 | F23: {=_xlfn.LET( _xlpm.players, _xlfn.TEXTSPLIT(B23, ", "), _xlpm.rbi, SUM(SUMIFS(Table1[RBI], Table1[Team], B$2, Table1[Player], _xlpm.players, Table1[Last5_Flag], IF(B$3, 1, "<>"))), _xlpm.games, COUNTA(_xlfn.UNIQUE(_xlfn._xlws.FILTER(Table1[Game_ID], (Table1[Team]=B$2) * (ISNUMBER(MATCH(Table1[Player], _xlpm.players, 0))) * (Table1[Last5_Flag]=IF(B$3, 1, "<>"))))), IF(_xlpm.games=0, 0, _xlpm.rbi/_xlpm.games) )} -> 1.8 | H23: B.Hess | I23: 0.53333333 | J23: 0.61111111 | K23: 0.66666667 | L23: 1.2777778 | M23: 10 | N23: 4 | O23: 4.4444444
A24: 5 | B24: {=IFERROR( _xlfn.TEXTJOIN(", ", TRUE, _xlfn.UNIQUE( _xlfn._xlws.FILTER( LineupKey!C:C, (LineupKey!A:A=Dashboard!$B$2) * (LineupKey!B:B=Dashboard!A24) * (IF(Dashboard!$B$3, LineupKey!D:D=1, TRUE)) * (LineupKey!E:E=MAX( _xlfn._xlws.FILTER(LineupKey!E:E, (LineupKey!A:A=Dashboard!$B$2) * (LineupKey!B:B=Dashboard!A24) * (IF(Dashboard!$B$3, LineupKey!D:D=1, TRUE)) ) )) ) ) ), "N/A")} -> A.Foresha, C.Crowder | C24: {=IFERROR( _xlfn.TEXTJOIN(", ", TRUE, _xlfn.MAP( _xlfn.TEXTSPLIT(B24, ", "), _xlfn.LAMBDA(_xlpm.player, _xlfn.LET( _xlpm.cleanPlayer, TRIM(_xlpm.player), _xlpm.pos, _xlfn.XLOOKUP(_xlpm.cleanPlayer, Table1[Player], Table1[Primary Position], "N/A"), _xlpm.pos ) ) ) ), "N/A")} -> 1B, 1B | D24: {=_xlfn.LET( _xlpm.players, _xlfn.TEXTSPLIT(B24, ", "), _xlpm.hits, SUM(SUMIFS(Table1[H], Table1[Team], B$2, Table1[Player], _xlpm.players, Table1[Last5_Flag], IF(B$3, 1, "<>"))), _xlpm.ab, SUM(SUMIFS(Table1[AB], Table1[Team], B$2, Table1[Player], _xlpm.players, Table1[Last5_Flag], IF(B$3, 1, "<>"))), IF(_xlpm.ab=0, 0, _xlpm.hits/_xlpm.ab) )} -> 0.14285714 | E24: {=_xlfn.LET( _xlpm.players, _xlfn.TEXTSPLIT(B24, ", "), _xlpm.runs, SUM(SUMIFS(Table1[R], Table1[Team], B$2, Table1[Player], _xlpm.players, Table1[Last5_Flag], IF(B$3, 1, "<>"))), _xlpm.games, COUNTA(_xlfn.UNIQUE(_xlfn._xlws.FILTER(Table1[Game_ID], (Table1[Team]=B$2) * (ISNUMBER(MATCH(Table1[Player Name], _xlpm.players, 0))) * (Table1[Last5_Flag]=IF(B$3, 1, "<>"))))), IF(_xlpm.games=0, 0, _xlpm.runs/_xlpm.games) )} -> 0.6 | F24: {=_xlfn.LET( _xlpm.players, _xlfn.TEXTSPLIT(B24, ", "), _xlpm.rbi, SUM(SUMIFS(Table1[RBI], Table1[Team], B$2, Table1[Player], _xlpm.players, Table1[Last5_Flag], IF(B$3, 1, "<>"))), _xlpm.games, COUNTA(_xlfn.UNIQUE(_xlfn._xlws.FILTER(Table1[Game_ID], (Table1[Team]=B$2) * (ISNUMBER(MATCH(Table1[Player], _xlpm.players, 0))) * (Table1[Last5_Flag]=IF(B$3, 1, "<>"))))), IF(_xlpm.games=0, 0, _xlpm.rbi/_xlpm.games) )} -> 0 | H24: A.Townsend | I24: 0.33333333 | J24: 0.375 | K24: 0.33333333 | L24: 0.70833333 | M24: 5 | N24: 0 | O24: 1.5625
A25: 6 | B25: {=IFERROR( _xlfn.TEXTJOIN(", ", TRUE, _xlfn.UNIQUE( _xlfn._xlws.FILTER( LineupKey!C:C, (LineupKey!A:A=Dashboard!$B$2) * (LineupKey!B:B=Dashboard!A25) * (IF(Dashboard!$B$3, LineupKey!D:D=1, TRUE)) * (LineupKey!E:E=MAX( _xlfn._xlws.FILTER(LineupKey!E:E, (LineupKey!A:A=Dashboard!$B$2) * (LineupKey!B:B=Dashboard!A25) * (IF(Dashboard!$B$3, LineupKey!D:D=1, TRUE)) ) )) ) ) ), "N/A")} -> J.McGill, T.Bernard | C25: {=IFERROR( _xlfn.TEXTJOIN(", ", TRUE, _xlfn.MAP( _xlfn.TEXTSPLIT(B25, ", "), _xlfn.LAMBDA(_xlpm.player, _xlfn.LET( _xlpm.cleanPlayer, TRIM(_xlpm.player), _xlpm.pos, _xlfn.XLOOKUP(_xlpm.cleanPlayer, Table1[Player], Table1[Primary Position], "N/A"), _xlpm.pos ) ) ) ), "N/A")} -> 3B, PH | D25: {=_xlfn.LET( _xlpm.players, _xlfn.TEXTSPLIT(B25, ", "), _xlpm.hits, SUM(SUMIFS(Table1[H], Table1[Team], B$2, Table1[Player], _xlpm.players, Table1[Last5_Flag], IF(B$3, 1, "<>"))), _xlpm.ab, SUM(SUMIFS(Table1[AB], Table1[Team], B$2, Table1[Player], _xlpm.players, Table1[Last5_Flag], IF(B$3, 1, "<>"))), IF(_xlpm.ab=0, 0, _xlpm.hits/_xlpm.ab) )} -> 0.61538462 | E25: {=_xlfn.LET( _xlpm.players, _xlfn.TEXTSPLIT(B25, ", "), _xlpm.runs, SUM(SUMIFS(Table1[R], Table1[Team], B$2, Table1[Player], _xlpm.players, Table1[Last5_Flag], IF(B$3, 1, "<>"))), _xlpm.games, COUNTA(_xlfn.UNIQUE(_xlfn._xlws.FILTER(Table1[Game_ID], (Table1[Team]=B$2) * (ISNUMBER(MATCH(Table1[Player Name], _xlpm.players, 0))) * (Table1[Last5_Flag]=IF(B$3, 1, "<>"))))), IF(_xlpm.games=0, 0, _xlpm.runs/_xlpm.games) )} -> 0.6 | F25: {=_xlfn.LET( _xlpm.players, _xlfn.TEXTSPLIT(B25, ", "), _xlpm.rbi, SUM(SUMIFS(Table1[RBI], Table1[Team], B$2, Table1[Player], _xlpm.players, Table1[Last5_Flag], IF(B$3, 1, "<>"))), _xlpm.games, COUNTA(_xlfn.UNIQUE(_xlfn._xlws.FILTER(Table1[Game_ID], (Table1[Team]=B$2) * (ISNUMBER(MATCH(Table1[Player], _xlpm.players, 0))) * (Table1[Last5_Flag]=IF(B$3, 1, "<>"))))), IF(_xlpm.games=0, 0, _xlpm.rbi/_xlpm.games) )} -> 0.6
A26: 7 | B26: {=IFERROR( _xlfn.TEXTJOIN(", ", TRUE, _xlfn.UNIQUE( _xlfn._xlws.FILTER( LineupKey!C:C, (LineupKey!A:A=Dashboard!$B$2) * (LineupKey!B:B=Dashboard!A26) * (IF(Dashboard!$B$3, LineupKey!D:D=1, TRUE)) * (LineupKey!E:E=MAX( _xlfn._xlws.FILTER(LineupKey!E:E, (LineupKey!A:A=Dashboard!$B$2) * (LineupKey!B:B=Dashboard!A26) * (IF(Dashboard!$B$3, LineupKey!D:D=1, TRUE)) ) )) ) ) ), "N/A")} -> P.Matteson, A.Nogay, A.Nordling | C26: {=IFERROR( _xlfn.TEXTJOIN(", ", TRUE, _xlfn.MAP( _xlfn.TEXTSPLIT(B26, ", "), _xlfn.LAMBDA(_xlpm.player, _xlfn.LET( _xlpm.cleanPlayer, TRIM(_xlpm.player), _xlpm.pos, _xlfn.XLOOKUP(_xlpm.cleanPlayer, Table1[Player], Table1[Primary Position], "N/A"), _xlpm.pos ) ) ) ), "N/A")} -> 2B, PR, PH | D26: {=_xlfn.LET( _xlpm.players, _xlfn.TEXTSPLIT(B26, ", "), _xlpm.hits, SUM(SUMIFS(Table1[H], Table1[Team], B$2, Table1[Player], _xlpm.players, Table1[Last5_Flag], IF(B$3, 1, "<>"))), _xlpm.ab, SUM(SUMIFS(Table1[AB], Table1[Team], B$2, Table1[Player], _xlpm.players, Table1[Last5_Flag], IF(B$3, 1, "<>"))), IF(_xlpm.ab=0, 0, _xlpm.hits/_xlpm.ab) )} -> 0.15789474 | E26: {=_xlfn.LET( _xlpm.players, _xlfn.TEXTSPLIT(B26, ", "), _xlpm.runs, SUM(SUMIFS(Table1[R], Table1[Team], B$2, Table1[Player], _xlpm.players, Table1[Last5_Flag], IF(B$3, 1, "<>"))), _xlpm.games, COUNTA(_xlfn.UNIQUE(_xlfn._xlws.FILTER(Table1[Game_ID], (Table1[Team]=B$2) * (ISNUMBER(MATCH(Table1[Player Name], _xlpm.players, 0))) * (Table1[Last5_Flag]=IF(B$3, 1, "<>"))))), IF(_xlpm.games=0, 0, _xlpm.runs/_xlpm.games) )} -> 0.6 | F26: {=_xlfn.LET( _xlpm.players, _xlfn.TEXTSPLIT(B26, ", "), _xlpm.rbi, SUM(SUMIFS(Table1[RBI], Table1[Team], B$2, Table1[Player], _xlpm.players, Table1[Last5_Flag], IF(B$3, 1, "<>"))), _xlpm.games, COUNTA(_xlfn.UNIQUE(_xlfn._xlws.FILTER(Table1[Game_ID], (Table1[Team]=B$2) * (ISNUMBER(MATCH(Table1[Player], _xlpm.players, 0))) * (Table1[Last5_Flag]=IF(B$3, 1, "<>"))))), IF(_xlpm.games=0, 0, _xlpm.rbi/_xlpm.games) )} -> 0.6
A27: 8 | B27: {=IFERROR( _xlfn.TEXTJOIN(", ", TRUE, _xlfn.UNIQUE( _xlfn._xlws.FILTER( LineupKey!C:C, (LineupKey!A:A=Dashboard!$B$2) * (LineupKey!B:B=Dashboard!A27) * (IF(Dashboard!$B$3, LineupKey!D:D=1, TRUE)) * (LineupKey!E:E=MAX( _xlfn._xlws.FILTER(LineupKey!E:E, (LineupKey!A:A=Dashboard!$B$2) * (LineupKey!B:B=Dashboard!A27) * (IF(Dashboard!$B$3, LineupKey!D:D=1, TRUE)) ) )) ) ) ), "N/A")} -> G.Bibb, A.Nordling, L.Alsop, S.Emanuel, A.Nogay | C27: {=IFERROR( _xlfn.TEXTJOIN(", ", TRUE, _xlfn.MAP( _xlfn.TEXTSPLIT(B27, ", "), _xlfn.LAMBDA(_xlpm.player, _xlfn.LET( _xlpm.cleanPlayer, TRIM(_xlpm.player), _xlpm.pos, _xlfn.XLOOKUP(_xlpm.cleanPlayer, Table1[Player], Table1[Primary Position], "N/A"), _xlpm.pos ) ) ) ), "N/A")} -> LF, PH, P, LF, PR | D27: {=_xlfn.LET( _xlpm.players, _xlfn.TEXTSPLIT(B27, ", "), _xlpm.hits, SUM(SUMIFS(Table1[H], Table1[Team], B$2, Table1[Player], _xlpm.players, Table1[Last5_Flag], IF(B$3, 1, "<>"))), _xlpm.ab, SUM(SUMIFS(Table1[AB], Table1[Team], B$2, Table1[Player], _xlpm.players, Table1[Last5_Flag], IF(B$3, 1, "<>"))), IF(_xlpm.ab=0, 0, _xlpm.hits/_xlpm.ab) )} -> 0.11111111 | E27: {=_xlfn.LET( _xlpm.players, _xlfn.TEXTSPLIT(B27, ", "), _xlpm.runs, SUM(SUMIFS(Table1[R], Table1[Team], B$2, Table1[Player], _xlpm.players, Table1[Last5_Flag], IF(B$3, 1, "<>"))), _xlpm.games, COUNTA(_xlfn.UNIQUE(_xlfn._xlws.FILTER(Table1[Game_ID], (Table1[Team]=B$2) * (ISNUMBER(MATCH(Table1[Player Name], _xlpm.players, 0))) * (Table1[Last5_Flag]=IF(B$3, 1, "<>"))))), IF(_xlpm.games=0, 0, _xlpm.runs/_xlpm.games) )} -> 0.4 | F27: {=_xlfn.LET( _xlpm.players, _xlfn.TEXTSPLIT(B27, ", "), _xlpm.rbi, SUM(SUMIFS(Table1[RBI], Table1[Team], B$2, Table1[Player], _xlpm.players, Table1[Last5_Flag], IF(B$3, 1, "<>"))), _xlpm.games, COUNTA(_xlfn.UNIQUE(_xlfn._xlws.FILTER(Table1[Game_ID], (Table1[Team]=B$2) * (ISNUMBER(MATCH(Table1[Player], _xlpm.players, 0))) * (Table1[Last5_Flag]=IF(B$3, 1, "<>"))))), IF(_xlpm.games=0, 0, _xlpm.rbi/_xlpm.games) )} -> 0.4
A28: 9 | B28: {=IFERROR( _xlfn.TEXTJOIN(", ", TRUE, _xlfn.UNIQUE( _xlfn._xlws.FILTER( LineupKey!C:C, (LineupKey!A:A=Dashboard!$B$2) * (LineupKey!B:B=Dashboard!A28) * (IF(Dashboard!$B$3, LineupKey!D:D=1, TRUE)) * (LineupKey!E:E=MAX( _xlfn._xlws.FILTER(LineupKey!E:E, (LineupKey!A:A=Dashboard!$B$2) * (LineupKey!B:B=Dashboard!A28) * (IF(Dashboard!$B$3, LineupKey!D:D=1, TRUE)) ) )) ) ) ), "N/A")} -> A.Keilholz, C.Boggs | C28: {=IFERROR( _xlfn.TEXTJOIN(", ", TRUE, _xlfn.MAP( _xlfn.TEXTSPLIT(B28, ", "), _xlfn.LAMBDA(_xlpm.player, _xlfn.LET( _xlpm.cleanPlayer, TRIM(_xlpm.player), _xlpm.pos, _xlfn.XLOOKUP(_xlpm.cleanPlayer, Table1[Player], Table1[Primary Position], "N/A"), _xlpm.pos ) ) ) ), "N/A")} -> C, PH | D28: {=_xlfn.LET( _xlpm.players, _xlfn.TEXTSPLIT(B28, ", "), _xlpm.hits, SUM(SUMIFS(Table1[H], Table1[Team], B$2, Table1[Player], _xlpm.players, Table1[Last5_Flag], IF(B$3, 1, "<>"))), _xlpm.ab, SUM(SUMIFS(Table1[AB], Table1[Team], B$2, Table1[Player], _xlpm.players, Table1[Last5_Flag], IF(B$3, 1, "<>"))), IF(_xlpm.ab=0, 0, _xlpm.hits/_xlpm.ab) )} -> 0.21428571 | E28: {=_xlfn.LET( _xlpm.players, _xlfn.TEXTSPLIT(B28, ", "), _xlpm.runs, SUM(SUMIFS(Table1[R], Table1[Team], B$2, Table1[Player], _xlpm.players, Table1[Last5_Flag], IF(B$3, 1, "<>"))), _xlpm.games, COUNTA(_xlfn.UNIQUE(_xlfn._xlws.FILTER(Table1[Game_ID], (Table1[Team]=B$2) * (ISNUMBER(MATCH(Table1[Player Name], _xlpm.players, 0))) * (Table1[Last5_Flag]=IF(B$3, 1, "<>"))))), IF(_xlpm.games=0, 0, _xlpm.runs/_xlpm.games) )} -> 0.4 | F28: {=_xlfn.LET( _xlpm.players, _xlfn.TEXTSPLIT(B28, ", "), _xlpm.rbi, SUM(SUMIFS(Table1[RBI], Table1[Team], B$2, Table1[Player], _xlpm.players, Table1[Last5_Flag], IF(B$3, 1, "<>"))), _xlpm.games, COUNTA(_xlfn.UNIQUE(_xlfn._xlws.FILTER(Table1[Game_ID], (Table1[Team]=B$2) * (ISNUMBER(MATCH(Table1[Player], _xlpm.players, 0))) * (Table1[Last5_Flag]=IF(B$3, 1, "<>"))))), IF(_xlpm.games=0, 0, _xlpm.rbi/_xlpm.games) )} -> 0.6
A29: Pitcher | B29: {=_xlfn.LET( _xlpm.players, _xlfn.UNIQUE(_xlfn._xlws.FILTER(Table1[Player Name], (Table1[Team]=Dashboard!$B$2) * (Table1[Position]="P") )), _xlpm.ipTotals, _xlfn.MAP(_xlpm.players, _xlfn.LAMBDA(_xlpm.p, IF(Dashboard!$B$3, SUMIFS(Table1[IP], Table1[Player Name], _xlpm.p, Table1[Team], Dashboard!$B$2, Table1[Position], "P", Table1[Last5_Flag], 1 ), SUMIFS(Table1[IP], Table1[Player Name], _xlpm.p, Table1[Team], Dashboard!$B$2, Table1[Position], "P" ) ) ) ), INDEX(_xlpm.players, MATCH(MAX(_xlpm.ipTotals), _xlpm.ipTotals, 0)) )} -> D.Haller | C29: {=IFERROR( _xlfn.TEXTJOIN(", ", TRUE, _xlfn.MAP( _xlfn.TEXTSPLIT(B29, ", "), _xlfn.LAMBDA(_xlpm.player, _xlfn.LET( _xlpm.cleanPlayer, TRIM(_xlpm.player), _xlpm.pos, _xlfn.XLOOKUP(_xlpm.cleanPlayer, Table1[Player], Table1[Primary Position], "N/A"), _xlpm.pos ) ) ) ), "N/A")} -> P
A31: Summary Scouting Report
A32: Offensive Strength | D32: Base Running Threat
A33: =IF(B9 > C9*1.05, "🔥 Strong offense team (Above League AVG)", "➖ Average offense (Below League AVG)" ) -> 🔥 Strong offense team (Above League AVG) | D33: =IF(B13 > C13*1.1,"Aggressive baserunning","Limited steal threat") -> Limited steal threat
A34: Offensive Style | D34: Defensive Reliability
A35: =IF(B11 > C11*1.1,"Power-heavy offense", IF(B11 > C11*1.05,"Contact-heavy lineup", "Balanced offense")) -> Power-heavy offense | D35: =IF(B14 < C14 *1.1,"Defensively solid team","Error prone defense") -> Defensively solid team
A36: Top vs Bottom Lineup | D36: Pitching Strength
A37: =_xlfn.LET( _xlpm.topRuns, SUMIFS(E20:E28, A20:A28, "<=5"), _xlpm.bottomRuns, SUMIFS(E20:E28, A20:A28, ">=6"), _xlpm.topRBI, SUMIFS(F20:F28, A20:A28, "<=5"), _xlpm.bottomRBI, SUMIFS(F20:F28, A20:A28, ">=6"), IF(AND(_xlpm.topRuns > _xlpm.bottomRuns*1.2, _xlpm.bottomRBI > _xlpm.topRBI*1.2), "🔥 Strong table setters + clutch depth", IF( _xlpm.topRuns > _xlpm.bottomRuns*1.2, "⚠️ Top heavy lineup (production concentrated in 1-5)", IF(_xlpm.bottomRBI > _xlpm.topRBI*1.2, "⚠️ Depth-driven lineup (bottom producing RBIs)", "➖ Balanced lineup production" ) ) )) -> ⚠️ Top heavy lineup (production concentrated in 1-5) | D37: =IF(K12 > L12*1.1, "⚠️ Vulnerable pitching staff", IF(K13 > L13*1.1, "Control issues (high walks)", "➖ Average pitching")) -> ➖ Average pitching
A38: Plate Discipline | D38: Pitching Style
A39: =IF(B15 > C15*1.1, "⚠️ High strikeout lineup | K%: " & TEXT(B15,"0.0%") & " (League " & TEXT(C15,"0.0%") & ") | BB%: " & TEXT(B16,"0.0%") & " (League " & TEXT(C16,"0.0%") & ")", IF(B16 > C16*1.1, "Disciplined hitters (draw walks) | K%: " & TEXT(B15,"0.0%") & " (League " & TEXT(C15,"0.0%") & ") | BB%: " & TEXT(B16,"0.0%") & " (League " & TEXT(C16,"0.0%") & ")", "➖ Average plate discipline | K%: " & TEXT(B15,"0.0%") & " (League " & TEXT(C15,"0.0%") & ") | BB%: " & TEXT(B16,"0.0%") & " (League " & TEXT(C16,"0.0%") & ")" ) ) -> Disciplined hitters (draw walks) | K%: 15.4% (League 14.3%) | BB%: 13.5% (League 9.6%) | D39: =IF(K14 > L14*1.1, "Strikeout heavy staff", IF(K14< L14*0.9, "Contact pitching staff", "Balanced pitching staff")) -> Balanced pitching staff
A40: Team Hitting Momentum (Based on Runs/Game) | D40: Selected Pitcher Momentum (by ER)
A41: {=IF( B3, IF( SUMIFS(Table1[R], Table1[Team], $B$2, Table1[Last5_Flag], 1) / COUNTA(_xlfn.UNIQUE(_xlfn._xlws.FILTER(Table1[Team_Game_Number], (Table1[Team]=$B$2)*(Table1[Last5_Flag]=1)))) > C12, "🔥 Team offense hot recently", "⚠️ Team struggling in last 5 games" ), "Toggle B3 for last 5 games" )} -> ⚠️ Team struggling in last 5 games | D41: =IF(B3, IF(J12 < L12, "🔥 Hot pitcher recently", "⚠️ Struggling in last 5 games"), "Toggle B3 for last 5 games" ) -> 🔥 Hot pitcher recently

Sheet BoxScores_Master
A1: Game_ID | B1: Date | C1: Game_no. | D1: Home Team | E1: Away Team | F1: Team | G1: Opponent | H1: Player | I1: Player Name | J1: AB | K1: R | L1: H | M1: RBI | N1: BB | O1: SO | P1: 2B | Q1: 3B | R1: HR | S1: SB | T1: CS | U1: SF | V1: TB | W1: Position | X1: Batting_Spot | Y1: Errors | Z1: IP | AA1: H_Allowed | AB1: R_Allowed | AC1: ER | AD1: BB_Allowed | AE1: K_Pitch | AF1: OBP Denominator | AG1: Times on Base | AH1: Singles | AI1: Last5_Flag | AJ1: Team_Game_Number | AK1: Spot_Last5_Flag | AL1: Primary Position Count | AM1: Primary Position
A2: =TEXT(Table1[[#This Row],[Date]],"yyyymmdd") & "_" & (LEFT(D2,3) & "_" & LEFT(E2,3) & "_" & (Table1[[#This Row],[Game_no.]])) -> 20260130_UNC_D&E_1 | B2: 46052 | C2: 1 | D2: UNC Pembroke | E2: D&E | F2: D&E | G2: UNC Pembroke | H2: C.Dobbs | I2: =TRIM(SUBSTITUTE(Table1[[#This Row],[Player]], " ", "")) -> C.Dobbs | J2: 2 | K2: 0 | L2: 0 | M2: 1 | N2: 1 | O2: 1 | P2: 0 | Q2: 0 | R2: 0 | S2: 0 | T2: 0 | U2: 0 | V2: =L2*1+P2*2+Q2*3+R2*4 -> 0 | W2: 2B | X2: 1 | Y2: 0 | AF2: =Table1[[#This Row],[AB]]+Table1[[#This Row],[BB]]+Table1[[#This Row],[SF]] -> 3 | AG2: =Table1[[#This Row],[H]]+Table1[[#This Row],[BB]] -> 1 | AH2: =Table1[[#This Row],[H]]-Table1[[#This Row],[2B]]-Table1[[#This Row],[3B]]-Table1[[#This Row],[HR]] -> 0 | AI2: =IF(Table1[[#This Row],[Team_Game_Number]] >_xlfn.MAXIFS(Table1[Team_Game_Number],Table1[Team],Table1[[#This Row],[Team]]) - 5,1,0) -> 0 | AJ2: {=MATCH(Table1[[#This Row],[Game_ID]],_xlfn.UNIQUE(_xlfn._xlws.FILTER(Table1[Game_ID],Table1[Team]=Table1[[#This Row],[Team]])),0)} -> 1 | AK2: =IF(Table1[[#This Row],[Last5_Flag]]=1,1,0) -> 0 | AL2: =COUNTIFS( Table1[Player Name], Table1[[#This Row],[Player Name]], Table1[Position], Table1[[#This Row],[Position]] ) -> 3 | AM2: {=IFERROR( _xlfn.LET( _xlpm.player, Table1[[#This Row],[Player Name]], _xlpm.uPos, _xlfn.UNIQUE(_xlfn._xlws.FILTER(Table1[Position], Table1[Player Name]=_xlpm.player)), _xlpm.counts, _xlfn.MAP(_xlpm.uPos, _xlfn.LAMBDA(_xlpm.p, COUNTIFS(Table1[Player Name], _xlpm.player, Table1[Position], _xlpm.p))), INDEX(_xlpm.uPos, MATCH(MAX(_xlpm.counts), _xlpm.counts, 0)) ), "N/A")} -> SS
A3: =TEXT(Table1[[#This Row],[Date]],"yyyymmdd") & "_" & (LEFT(D3,3) & "_" & LEFT(E3,3) & "_" & (Table1[[#This Row],[Game_no.]])) -> 20260130_UNC_D&E_1 | B3: 46052 | C3: 1 | D3: UNC Pembroke | E3: D&E | F3: D&E | G3: UNC Pembroke | H3: M.Henkle | I3: =TRIM(SUBSTITUTE(Table1[[#This Row],[Player]], " ", "")) -> M.Henkle | J3: 3 | K3: 0 | L3: 0 | M3: 0 | N3: 0 | O3: 2 | P3: 0 | Q3: 0 | R3: 0 | S3: 0 | T3: 0 | U3: 0 | V3: =L3*1+P3*2+Q3*3+R3*4 -> 0 | W3: 3B | X3: 2 | Y3: 0 | AF3: =Table1[[#This Row],[AB]]+Table1[[#This Row],[BB]]+Table1[[#This Row],[SF]] -> 3 | AG3: =Table1[[#This Row],[H]]+Table1[[#This Row],[BB]] -> 0 | AH3: =Table1[[#This Row],[H]]-Table1[[#This Row],[2B]]-Table1[[#This Row],[3B]]-Table1[[#This Row],[HR]] -> 0 | AI3: =IF(Table1[[#This Row],[Team_Game_Number]] >_xlfn.MAXIFS(Table1[Team_Game_Number],Table1[Team],Table1[[#This Row],[Team]]) - 5,1,0) -> 0 | AJ3: {=MATCH(Table1[[#This Row],[Game_ID]],_xlfn.UNIQUE(_xlfn._xlws.FILTER(Table1[Game_ID],Table1[Team]=Table1[[#This Row],[Team]])),0)} -> 1 | AK3: =IF(Table1[[#This Row],[Last5_Flag]]=1,1,0) -> 0 | AL3: =COUNTIFS( Table1[Player Name], Table1[[#This Row],[Player Name]], Table1[Position], Table1[[#This Row],[Position]] ) -> 13 | AM3: {=IFERROR( _xlfn.LET( _xlpm.player, Table1[[#This Row],[Player Name]], _xlpm.uPos, _xlfn.UNIQUE(_xlfn._xlws.FILTER(Table1[Position], Table1[Player Name]=_xlpm.player)), _xlpm.counts, _xlfn.MAP(_xlpm.uPos, _xlfn.LAMBDA(_xlpm.p, COUNTIFS(Table1[Player Name], _xlpm.player, Table1[Position], _xlpm.p))), INDEX(_xlpm.uPos, MATCH(MAX(_xlpm.counts), _xlpm.counts, 0)) ), "N/A")} -> 3B
A4: =TEXT(Table1[[#This Row],[Date]],"yyyymmdd") & "_" & (LEFT(D4,3) & "_" & LEFT(E4,3) & "_" & (Table1[[#This Row],[Game_no.]])) -> 20260130_UNC_D&E_1 | B4: 46052 | C4: 1 | D4: UNC Pembroke | E4: D&E | F4: D&E | G4: UNC Pembroke | H4: A.Zapach | I4: =TRIM(SUBSTITUTE(Table1[[#This Row],[Player]], " ", "")) -> A.Zapach | J4: 2 | K4: 1 | L4: 1 | M4: 0 | N4: 1 | O4: 0 | P4: 0 | Q4: 0 | R4: 0 | S4: 0 | T4: 0 | U4: 0 | V4: =L4*1+P4*2+Q4*3+R4*4 -> 1 | W4: 1B | X4: 3 | Y4: 0 | AF4: =Table1[[#This Row],[AB]]+Table1[[#This Row],[BB]]+Table1[[#This Row],[SF]] -> 3 | AG4: =Table1[[#This Row],[H]]+Table1[[#This Row],[BB]] -> 2 | AH4: =Table1[[#This Row],[H]]-Table1[[#This Row],[2B]]-Table1[[#This Row],[3B]]-Table1[[#This Row],[HR]] -> 1 | AI4: =IF(Table1[[#This Row],[Team_Game_Number]] >_xlfn.MAXIFS(Table1[Team_Game_Number],Table1[Team],Table1[[#This Row],[Team]]) - 5,1,0) -> 0 | AJ4: {=MATCH(Table1[[#This Row],[Game_ID]],_xlfn.UNIQUE(_xlfn._xlws.FILTER(Table1[Game_ID],Table1[Team]=Table1[[#This Row],[Team]])),0)} -> 1 | AK4: =IF(Table1[[#This Row],[Last5_Flag]]=1,1,0) -> 0 | AL4: =COUNTIFS( Table1[Player Name], Table1[[#This Row],[Player Name]], Table1[Position], Table1[[#This Row],[Position]] ) -> 27 | AM4: {=IFERROR( _xlfn.LET( _xlpm.player, Table1[[#This Row],[Player Name]], _xlpm.uPos, _xlfn.UNIQUE(_xlfn._xlws.FILTER(Table1[Position], Table1[Player Name]=_xlpm.player)), _xlpm.counts, _xlfn.MAP(_xlpm.uPos, _xlfn.LAMBDA(_xlpm.p, COUNTIFS(Table1[Player Name], _xlpm.player, Table1[Position], _xlpm.p))), INDEX(_xlpm.uPos, MATCH(MAX(_xlpm.counts), _xlpm.counts, 0)) ), "N/A")} -> 1B
A5: =TEXT(Table1[[#This Row],[Date]],"yyyymmdd") & "_" & (LEFT(D5,3) & "_" & LEFT(E5,3) & "_" & (Table1[[#This Row],[Game_no.]])) -> 20260130_UNC_D&E_1 | B5: 46052 | C5: 1 | D5: UNC Pembroke | E5: D&E | F5: D&E | G5: UNC Pembroke | H5: A.Higgins | I5: =TRIM(SUBSTITUTE(Table1[[#This Row],[Player]], " ", "")) -> A.Higgins | J5: 2 | K5: 1 | L5: 1 | M5: 0 | N5: 1 | O5: 1 | P5: 0 | Q5: 0 | R5: 0 | S5: 0 | T5: 0 | U5: 0 | V5: =L5*1+P5*2+Q5*3+R5*4 -> 1 | W5: SS | X5: 4 | Y5: 1 | AF5: =Table1[[#This Row],[AB]]+Table1[[#This Row],[BB]]+Table1[[#This Row],[SF]] -> 3 | AG5: =Table1[[#This Row],[H]]+Table1[[#This Row],[BB]] -> 2 | AH5: =Table1[[#This Row],[H]]-Table1[[#This Row],[2B]]-Table1[[#This Row],[3B]]-Table1[[#This Row],[HR]] -> 1 | AI5: =IF(Table1[[#This Row],[Team_Game_Number]] >_xlfn.MAXIFS(Table1[Team_Game_Number],Table1[Team],Table1[[#This Row],[Team]]) - 5,1,0) -> 0 | AJ5: {=MATCH(Table1[[#This Row],[Game_ID]],_xlfn.UNIQUE(_xlfn._xlws.FILTER(Table1[Game_ID],Table1[Team]=Table1[[#This Row],[Team]])),0)} -> 1 | AK5: =IF(Table1[[#This Row],[Last5_Flag]]=1,1,0) -> 0 | AL5: =COUNTIFS( Table1[Player Name], Table1[[#This Row],[Player Name]], Table1[Position], Table1[[#This Row],[Position]] ) -> 22 | AM5: {=IFERROR( _xlfn.LET( _xlpm.player, Table1[[#This Row],[Player Name]], _xlpm.uPos, _xlfn.UNIQUE(_xlfn._xlws.FILTER(Table1[Position], Table1[Player Name]=_xlpm.player)), _xlpm.counts, _xlfn.MAP(_xlpm.uPos, _xlfn.LAMBDA(_xlpm.p, COUNTIFS(Table1[Player Name], _xlpm.player, Table1[Position], _xlpm.p))), INDEX(_xlpm.uPos, MATCH(MAX(_xlpm.counts), _xlpm.counts, 0)) ), "N/A")} -> SS
A6: =TEXT(Table1[[#This Row],[Date]],"yyyymmdd") & "_" & (LEFT(D6,3) & "_" & LEFT(E6,3) & "_" & (Table1[[#This Row],[Game_no.]])) -> 20260130_UNC_D&E_1 | B6: 46052 | C6: 1 | D6: UNC Pembroke | E6: D&E | F6: D&E | G6: UNC Pembroke | H6: T.Fleming | I6: =TRIM(SUBSTITUTE(Table1[[#This Row],[Player]], " ", "")) -> T.Fleming | J6: 3 | K6: 1 | L6: 1 | M6: 0 | N6: 0 | O6: 0 | P6: 0 | Q6: 0 | R6: 0 | S6: 0 | T6: 0 | U6: 0 | V6: =L6*1+P6*2+Q6*3+R6*4 -> 1 | W6: DP | X6: 5 | Y6: 0 | AF6: =Table1[[#This Row],[AB]]+Table1[[#This Row],[BB]]+Table1[[#This Row],[SF]] -> 3 | AG6: =Table1[[#This Row],[H]]+Table1[[#This Row],[BB]] -> 1 | AH6: =Table1[[#This Row],[H]]-Table1[[#This Row],[2B]]-Table1[[#This Row],[3B]]-Table1[[#This Row],[HR]] -> 1 | AI6: =IF(Table1[[#This Row],[Team_Game_Number]] >_xlfn.MAXIFS(Table1[Team_Game_Number],Table1[Team],Table1[[#This Row],[Team]]) - 5,1,0) -> 0 | AJ6: {=MATCH(Table1[[#This Row],[Game_ID]],_xlfn.UNIQUE(_xlfn._xlws.FILTER(Table1[Game_ID],Table1[Team]=Table1[[#This Row],[Team]])),0)} -> 1 | AK6: =IF(Table1[[#This Row],[Last5_Flag]]=1,1,0) -> 0 | AL6: =COUNTIFS( Table1[Player Name], Table1[[#This Row],[Player Name]], Table1[Position], Table1[[#This Row],[Position]] ) -> 11 | AM6: {=IFERROR( _xlfn.LET( _xlpm.player, Table1[[#This Row],[Player Name]], _xlpm.uPos, _xlfn.UNIQUE(_xlfn._xlws.FILTER(Table1[Position], Table1[Player Name]=_xlpm.player)), _xlpm.counts, _xlfn.MAP(_xlpm.uPos, _xlfn.LAMBDA(_xlpm.p, COUNTIFS(Table1[Player Name], _xlpm.player, Table1[Position], _xlpm.p))), INDEX(_xlpm.uPos, MATCH(MAX(_xlpm.counts), _xlpm.counts, 0)) ), "N/A")} -> 2B
A7: =TEXT(Table1[[#This Row],[Date]],"yyyymmdd") & "_" & (LEFT(D7,3) & "_" & LEFT(E7,3) & "_" & (Table1[[#This Row],[Game_no.]])) -> 20260130_UNC_D&E_1 | B7: 46052 | C7: 1 | D7: UNC Pembroke | E7: D&E | F7: D&E | G7: UNC Pembroke | H7: G.Wessling | I7: =TRIM(SUBSTITUTE(Table1[[#This Row],[Player]], " ", "")) -> G.Wessling | J7: 3 | K7: 1 | L7: 1 | M7: 1 | N7: 0 | O7: 1 | P7: 0 | Q7: 0 | R7: 0 | S7: 0 | T7: 0 | U7: 0 | V7: =L7*1+P7*2+Q7*3+R7*4 -> 1 | W7: C | X7: 6 | Y7: 0 | AF7: =Table1[[#This Row],[AB]]+Table1[[#This Row],[BB]]+Table1[[#This Row],[SF]] -> 3 | AG7: =Table1[[#This Row],[H]]+Table1[[#This Row],[BB]] -> 1 | AH7: =Table1[[#This Row],[H]]-Table1[[#This Row],[2B]]-Table1[[#This Row],[3B]]-Table1[[#This Row],[HR]] -> 1 | AI7: =IF(Table1[[#This Row],[Team_Game_Number]] >_xlfn.MAXIFS(Table1[Team_Game_Number],Table1[Team],Table1[[#This Row],[Team]]) - 5,1,0) -> 0 | AJ7: {=MATCH(Table1[[#This Row],[Game_ID]],_xlfn.UNIQUE(_xlfn._xlws.FILTER(Table1[Game_ID],Table1[Team]=Table1[[#This Row],[Team]])),0)} -> 1 | AK7: =IF(Table1[[#This Row],[Last5_Flag]]=1,1,0) -> 0 | AL7: =COUNTIFS( Table1[Player Name], Table1[[#This Row],[Player Name]], Table1[Position], Table1[[#This Row],[Position]] ) -> 26 | AM7: {=IFERROR( _xlfn.LET( _xlpm.player, Table1[[#This Row],[Player Name]], _xlpm.uPos, _xlfn.UNIQUE(_xlfn._xlws.FILTER(Table1[Position], Table1[Player Name]=_xlpm.player)), _xlpm.counts, _xlfn.MAP(_xlpm.uPos, _xlfn.LAMBDA(_xlpm.p, COUNTIFS(Table1[Player Name], _xlpm.player, Table1[Position], _xlpm.p))), INDEX(_xlpm.uPos, MATCH(MAX(_xlpm.counts), _xlpm.counts, 0)) ), "N/A")} -> C
A8: =TEXT(Table1[[#This Row],[Date]],"yyyymmdd") & "_" & (LEFT(D8,3) & "_" & LEFT(E8,3) & "_" & (Table1[[#This Row],[Game_no.]])) -> 20260130_UNC_D&E_1 | B8: 46052 | C8: 1 | D8: UNC Pembroke | E8: D&E | F8: D&E | G8: UNC Pembroke | H8: C.Montgomery | I8: =TRIM(SUBSTITUTE(Table1[[#This Row],[Player]], " ", "")) -> C.Montgomery | J8: 3 | K8: 0 | L8: 1 | M8: 0 | N8: 0 | O8: 1 | P8: 0 | Q8: 0 | R8: 0 | S8: 0 | T8: 0 | U8: 0 | V8: =L8*1+P8*2+Q8*3+R8*4 -> 1 | W8: LF | X8: 7 | Y8: 0 | AF8: =Table1[[#This Row],[AB]]+Table1[[#This Row],[BB]]+Table1[[#This Row],[SF]] -> 3 | AG8: =Table1[[#This Row],[H]]+Table1[[#This Row],[BB]] -> 1 | AH8: =Table1[[#This Row],[H]]-Table1[[#This Row],[2B]]-Table1[[#This Row],[3B]]-Table1[[#This Row],[HR]] -> 1 | AI8: =IF(Table1[[#This Row],[Team_Game_Number]] >_xlfn.MAXIFS(Table1[Team_Game_Number],Table1[Team],Table1[[#This Row],[Team]]) - 5,1,0) -> 0 | AJ8: {=MATCH(Table1[[#This Row],[Game_ID]],_xlfn.UNIQUE(_xlfn._xlws.FILTER(Table1[Game_ID],Table1[Team]=Table1[[#This Row],[Team]])),0)} -> 1 | AK8: =IF(Table1[[#This Row],[Last5_Flag]]=1,1,0) -> 0 | AL8: =COUNTIFS( Table1[Player Name], Table1[[#This Row],[Player Name]], Table1[Position], Table1[[#This Row],[Position]] ) -> 6 | AM8: {=IFERROR( _xlfn.LET( _xlpm.player, Table1[[#This Row],[Player Name]], _xlpm.uPos, _xlfn.UNIQUE(_xlfn._xlws.FILTER(Table1[Position], Table1[Player Name]=_xlpm.player)), _xlpm.counts, _xlfn.MAP(_xlpm.uPos, _xlfn.LAMBDA(_xlpm.p, COUNTIFS(Table1[Player Name], _xlpm.player, Table1[Position], _xlpm.p))), INDEX(_xlpm.uPos, MATCH(MAX(_xlpm.counts), _xlpm.counts, 0)) ), "N/A")} -> LF
A9: =TEXT(Table1[[#This Row],[Date]],"yyyymmdd") & "_" & (LEFT(D9,3) & "_" & LEFT(E9,3) & "_" & (Table1[[#This Row],[Game_no.]])) -> 20260130_UNC_D&E_1 | B9: 46052 | C9: 1 | D9: UNC Pembroke | E9: D&E | F9: D&E | G9: UNC Pembroke | H9: M.Smith | I9: =TRIM(SUBSTITUTE(Table1[[#This Row],[Player]], " ", "")) -> M.Smith | J9: 1 | K9: 0 | L9: 1 | M9: 1 | N9: 2 | O9: 0 | P9: 0 | Q9: 0 | R9: 0 | S9: 0 | T9: 0 | U9: 0 | V9: =L9*1+P9*2+Q9*3+R9*4 -> 1 | W9: RF | X9: 8 | Y9: 0 | AF9: =Table1[[#This Row],[AB]]+Table1[[#This Row],[BB]]+Table1[[#This Row],[SF]] -> 3 | AG9: =Table1[[#This Row],[H]]+Table1[[#This Row],[BB]] -> 3 | AH9: =Table1[[#This Row],[H]]-Table1[[#This Row],[2B]]-Table1[[#This Row],[3B]]-Table1[[#This Row],[HR]] -> 1 | AI9: =IF(Table1[[#This Row],[Team_Game_Number]] >_xlfn.MAXIFS(Table1[Team_Game_Number],Table1[Team],Table1[[#This Row],[Team]]) - 5,1,0) -> 0 | AJ9: {=MATCH(Table1[[#This Row],[Game_ID]],_xlfn.UNIQUE(_xlfn._xlws.FILTER(Table1[Game_ID],Table1[Team]=Table1[[#This Row],[Team]])),0)} -> 1 | AK9: =IF(Table1[[#This Row],[Last5_Flag]]=1,1,0) -> 0 | AL9: =COUNTIFS( Table1[Player Name], Table1[[#This Row],[Player Name]], Table1[Position], Table1[[#This Row],[Position]] ) -> 21 | AM9: {=IFERROR( _xlfn.LET( _xlpm.player, Table1[[#This Row],[Player Name]], _xlpm.uPos, _xlfn.UNIQUE(_xlfn._xlws.FILTER(Table1[Position], Table1[Player Name]=_xlpm.player)), _xlpm.counts, _xlfn.MAP(_xlpm.uPos, _xlfn.LAMBDA(_xlpm.p, COUNTIFS(Table1[Player Name], _xlpm.player, Table1[Position], _xlpm.p))), INDEX(_xlpm.uPos, MATCH(MAX(_xlpm.counts), _xlpm.counts, 0)) ), "N/A")} -> RF
A10: =TEXT(Table1[[#This Row],[Date]],"yyyymmdd") & "_" & (LEFT(D10,3) & "_" & LEFT(E10,3) & "_" & (Table1[[#This Row],[Game_no.]])) -> 20260130_UNC_D&E_1 | B10: 46052 | C10: 1 | D10: UNC Pembroke | E10: D&E | F10: D&E | G10: UNC Pembroke | H10: C.Warfield | I10: =TRIM(SUBSTITUTE(Table1[[#This Row],[Player]], " ", "")) -> C.Warfield | J10: 1 | K10: 0 | L10: 0 | M10: 1 | N10: 1 | O10: 1 | P10: 0 | Q10: 0 | R10: 0 | S10: 0 | T10: 0 | U10: 0 | V10: =L10*1+P10*2+Q10*3+R10*4 -> 0 | W10: CF | X10: 9 | Y10: 0 | AF10: =Table1[[#This Row],[AB]]+Table1[[#This Row],[BB]]+Table1[[#This Row],[SF]] -> 2 | AG10: =Table1[[#This Row],[H]]+Table1[[#This Row],[BB]] -> 1 | AH10: =Table1[[#This Row],[H]]-Table1[[#This Row],[2B]]-Table1[[#This Row],[3B]]-Table1[[#This Row],[HR]] -> 0 | AI10: =IF(Table1[[#This Row],[Team_Game_Number]] >_xlfn.MAXIFS(Table1[Team_Game_Number],Table1[Team],Table1[[#This Row],[Team]]) - 5,1,0) -> 0 | AJ10: {=MATCH(Table1[[#This Row],[Game_ID]],_xlfn.UNIQUE(_xlfn._xlws.FILTER(Table1[Game_ID],Table1[Team]=Table1[[#This Row],[Team]])),0)} -> 1 | AK10: =IF(Table1[[#This Row],[Last5_Flag]]=1,1,0) -> 0 | AL10: =COUNTIFS( Table1[Player Name], Table1[[#This Row],[Player Name]], Table1[Position], Table1[[#This Row],[Position]] ) -> 6 | AM10: {=IFERROR( _xlfn.LET( _xlpm.player, Table1[[#This Row],[Player Name]], _xlpm.uPos, _xlfn.UNIQUE(_xlfn._xlws.FILTER(Table1[Position], Table1[Player Name]=_xlpm.player)), _xlpm.counts, _xlfn.MAP(_xlpm.uPos, _xlfn.LAMBDA(_xlpm.p, COUNTIFS(Table1[Player Name], _xlpm.player, Table1[Position], _xlpm.p))), INDEX(_xlpm.uPos, MATCH(MAX(_xlpm.counts), _xlpm.counts, 0)) ), "N/A")} -> CF
A11: =TEXT(Table1[[#This Row],[Date]],"yyyymmdd") & "_" & (LEFT(D11,3) & "_" & LEFT(E11,3) & "_" & (Table1[[#This Row],[Game_no.]])) -> 20260130_UNC_D&E_1 | B11: 46052 | C11: 1 | D11: UNC Pembroke | E11: D&E | F11: D&E | G11: UNC Pembroke | H11: S.Kneeland | I11: =TRIM(SUBSTITUTE(Table1[[#This Row],[Player]], " ", "")) -> S.Kneeland | J11: 0 | K11: 0 | L11: 0 | M11: 0 | N11: 0 | O11: 0 | P11: 0 | Q11: 0 | R11: 0 | S11: 0 | T11: 0 | U11: 0 | V11: =L11*1+P11*2+Q11*3+R11*4 -> 0 | W11: P | Y11: 1 | Z11: 3.667 | AA11: 9 | AB11: 8 | AC11: 7 | AD11: 0 | AE11: 3 | AF11: =Table1[[#This Row],[AB]]+Table1[[#This Row],[BB]]+Table1[[#This Row],[SF]] -> 0 | AG11: =Table1[[#This Row],[H]]+Table1[[#This Row],[BB]] -> 0 | AH11: =Table1[[#This Row],[H]]-Table1[[#This Row],[2B]]-Table1[[#This Row],[3B]]-Table1[[#This Row],[HR]] -> 0 | AI11: =IF(Table1[[#This Row],[Team_Game_Number]] >_xlfn.MAXIFS(Table1[Team_Game_Number],Table1[Team],Table1[[#This Row],[Team]]) - 5,1,0) -> 0 | AJ11: {=MATCH(Table1[[#This Row],[Game_ID]],_xlfn.UNIQUE(_xlfn._xlws.FILTER(Table1[Game_ID],Table1[Team]=Table1[[#This Row],[Team]])),0)} -> 1 | AK11: =IF(Table1[[#This Row],[Last5_Flag]]=1,1,0) -> 0 | AL11: =COUNTIFS( Table1[Player Name], Table1[[#This Row],[Player Name]], Table1[Position], Table1[[#This Row],[Position]] ) -> 17 | AM11: {=IFERROR( _xlfn.LET( _xlpm.player, Table1[[#This Row],[Player Name]], _xlpm.uPos, _xlfn.UNIQUE(_xlfn._xlws.FILTER(Table1[Position], Table1[Player Name]=_xlpm.player)), _xlpm.counts, _xlfn.MAP(_xlpm.uPos, _xlfn.LAMBDA(_xlpm.p, COUNTIFS(Table1[Player Name], _xlpm.player, Table1[Position], _xlpm.p))), INDEX(_xlpm.uPos, MATCH(MAX(_xlpm.counts), _xlpm.counts, 0)) ), "N/A")} -> P
A12: =TEXT(Table1[[#This Row],[Date]],"yyyymmdd") & "_" & (LEFT(D12,3) & "_" & LEFT(E12,3) & "_" & (Table1[[#This Row],[Game_no.]])) -> 20260130_UNC_D&E_1 | B12: 46052 | C12: 1 | D12: UNC Pembroke | E12: D&E | F12: D&E | G12: UNC Pembroke | H12: A.Munoz | I12: =TRIM(SUBSTITUTE(Table1[[#This Row],[Player]], " ", "")) -> A.Munoz | J12: 0 | K12: 0 | L12: 0 | M12: 0 | N12: 0 | O12: 0 | P12: 0 | Q12: 0 | R12: 0 | S12: 0 | T12: 0 | U12: 0 | V12: =L12*1+P12*2+Q12*3+R12*4 -> 0 | W12: P | Y12: 0 | Z12: 1 | AA12: 6 | AB12: 4 | AC12: 3 | AD12: 1 | AE12: 1 | AF12: =Table1[[#This Row],[AB]]+Table1[[#This Row],[BB]]+Table1[[#This Row],[SF]] -> 0 | AG12: =Table1[[#This Row],[H]]+Table1[[#This Row],[BB]] -> 0 | AH12: =Table1[[#This Row],[H]]-Table1[[#This Row],[2B]]-Table1[[#This Row],[3B]]-Table1[[#This Row],[HR]] -> 0 | AI12: =IF(Table1[[#This Row],[Team_Game_Number]] >_xlfn.MAXIFS(Table1[Team_Game_Number],Table1[Team],Table1[[#This Row],[Team]]) - 5,1,0) -> 0 | AJ12: {=MATCH(Table1[[#This Row],[Game_ID]],_xlfn.UNIQUE(_xlfn._xlws.FILTER(Table1[Game_ID],Table1[Team]=Table1[[#This Row],[Team]])),0)} -> 1 | AK12: =IF(Table1[[#This Row],[Last5_Flag]]=1,1,0) -> 0 | AL12: =COUNTIFS( Table1[Player Name], Table1[[#This Row],[Player Name]], Table1[Position], Table1[[#This Row],[Position]] ) -> 10 | AM12: {=IFERROR( _xlfn.LET( _xlpm.player, Table1[[#This Row],[Player Name]], _xlpm.uPos, _xlfn.UNIQUE(_xlfn._xlws.FILTER(Table1[Position], Table1[Player Name]=_xlpm.player)), _xlpm.counts, _xlfn.MAP(_xlpm.uPos, _xlfn.LAMBDA(_xlpm.p, COUNTIFS(Table1[Player Name], _xlpm.player, Table1[Position], _xlpm.p))), INDEX(_xlpm.uPos, MATCH(MAX(_xlpm.counts), _xlpm.counts, 0)) ), "N/A")} -> P
A13: =TEXT(Table1[[#This Row],[Date]],"yyyymmdd") & "_" & (LEFT(D13,3) & "_" & LEFT(E13,3) & "_" & (Table1[[#This Row],[Game_no.]])) -> 20260130_UNC_D&E_2 | B13: 46052 | C13: 2 | D13: UNC Pembroke | E13: D&E | F13: D&E | G13: UNC Pembroke | H13: A.Haynes | I13: =TRIM(SUBSTITUTE(Table1[[#This Row],[Player]], " ", "")) -> A.Haynes | J13: 2 | K13: 1 | L13: 1 | M13: 0 | N13: 1 | O13: 0 | P13: 0 | Q13: 0 | R13: 0 | S13: 0 | T13: 0 | U13: 0 | V13: =L13*1+P13*2+Q13*3+R13*4 -> 1 | W13: CF | X13: 1 | Y13: 1 | AF13: =Table1[[#This Row],[AB]]+Table1[[#This Row],[BB]]+Table1[[#This Row],[SF]] -> 3 | AG13: =Table1[[#This Row],[H]]+Table1[[#This Row],[BB]] -> 2 | AH13: =Table1[[#This Row],[H]]-Table1[[#This Row],[2B]]-Table1[[#This Row],[3B]]-Table1[[#This Row],[HR]] -> 1 | AI13: =IF(Table1[[#This Row],[Team_Game_Number]] >_xlfn.MAXIFS(Table1[Team_Game_Number],Table1[Team],Table1[[#This Row],[Team]]) - 5,1,0) -> 0 | AJ13: {=MATCH(Table1[[#This Row],[Game_ID]],_xlfn.UNIQUE(_xlfn._xlws.FILTER(Table1[Game_ID],Table1[Team]=Table1[[#This Row],[Team]])),0)} -> 2 | AK13: =IF(Table1[[#This Row],[Last5_Flag]]=1,1,0) -> 0 | AL13: =COUNTIFS( Table1[Player Name], Table1[[#This Row],[Player Name]], Table1[Position], Table1[[#This Row],[Position]] ) -> 3 | AM13: {=IFERROR( _xlfn.LET( _xlpm.player, Table1[[#This Row],[Player Name]], _xlpm.uPos, _xlfn.UNIQUE(_xlfn._xlws.FILTER(Table1[Position], Table1[Player Name]=_xlpm.player)), _xlpm.counts, _xlfn.MAP(_xlpm.uPos, _xlfn.LAMBDA(_xlpm.p, COUNTIFS(Table1[Player Name], _xlpm.player, Table1[Position], _xlpm.p))), INDEX(_xlpm.uPos, MATCH(MAX(_xlpm.counts), _xlpm.counts, 0)) ), "N/A")} -> LF
A14: =TEXT(Table1[[#This Row],[Date]],"yyyymmdd") & "_" & (LEFT(D14,3) & "_" & LEFT(E14,3) & "_" & (Table1[[#This Row],[Game_no.]])) -> 20260130_UNC_D&E_2 | B14: 46052 | C14: 2 | D14: UNC Pembroke | E14: D&E | F14: D&E | G14: UNC Pembroke | H14: C.Dobbs | I14: =TRIM(SUBSTITUTE(Table1[[#This Row],[Player]], " ", "")) -> C.Dobbs | J14: 2 | K14: 1 | L14: 0 | M14: 0 | N14: 1 | O14: 1 | P14: 0 | Q14: 0 | R14: 0 | S14: 0 | T14: 0 | U14: 0 | V14: =L14*1+P14*2+Q14*3+R14*4 -> 0 | W14: 2B | X14: 2 | Y14: 0 | AF14: =Table1[[#This Row],[AB]]+Table1[[#This Row],[BB]]+Table1[[#This Row],[SF]] -> 3 | AG14: =Table1[[#This Row],[H]]+Table1[[#This Row],[BB]] -> 1 | AH14: =Table1[[#This Row],[H]]-Table1[[#This Row],[2B]]-Table1[[#This Row],[3B]]-Table1[[#This Row],[HR]] -> 0 | AI14: =IF(Table1[[#This Row],[Team_Game_Number]] >_xlfn.MAXIFS(Table1[Team_Game_Number],Table1[Team],Table1[[#This Row],[Team]]) - 5,1,0) -> 0 | AJ14: {=MATCH(Table1[[#This Row],[Game_ID]],_xlfn.UNIQUE(_xlfn._xlws.FILTER(Table1[Game_ID],Table1[Team]=Table1[[#This Row],[Team]])),0)} -> 2 | AK14: =IF(Table1[[#This Row],[Last5_Flag]]=1,1,0) -> 0 | AL14: =COUNTIFS( Table1[Player Name], Table1[[#This Row],[Player Name]], Table1[Position], Table1[[#This Row],[Position]] ) -> 3 | AM14: {=IFERROR( _xlfn.LET( _xlpm.player, Table1[[#This Row],[Player Name]], _xlpm.uPos, _xlfn.UNIQUE(_xlfn._xlws.FILTER(Table1[Position], Table1[Player Name]=_xlpm.player)), _xlpm.counts, _xlfn.MAP(_xlpm.uPos, _xlfn.LAMBDA(_xlpm.p, COUNTIFS(Table1[Player Name], _xlpm.player, Table1[Position], _xlpm.p))), INDEX(_xlpm.uPos, MATCH(MAX(_xlpm.counts), _xlpm.counts, 0)) ), "N/A")} -> SS
A15: =TEXT(Table1[[#This Row],[Date]],"yyyymmdd") & "_" & (LEFT(D15,3) & "_" & LEFT(E15,3) & "_" & (Table1[[#This Row],[Game_no.]])) -> 20260130_UNC_D&E_2 | B15: 46052 | C15: 2 | D15: UNC Pembroke | E15: D&E | F15: D&E | G15: UNC Pembroke | H15: A.Zapach | I15: =TRIM(SUBSTITUTE(Table1[[#This Row],[Player]], " ", "")) -> A.Zapach | J15: 1 | K15: 0 | L15: 1 | M15: 2 | N15: 2 | O15: 0 | P15: 1 | Q15: 0 | R15: 0 | S15: 0 | T15: 0 | U15: 0 | V15: =L15*1+P15*2+Q15*3+R15*4 -> 3 | W15: 1B | X15: 3 | Y15: 0 | AF15: =Table1[[#This Row],[AB]]+Table1[[#This Row],[BB]]+Table1[[#This Row],[SF]] -> 3 | AG15: =Table1[[#This Row],[H]]+Table1[[#This Row],[BB]] -> 3 | AH15: =Table1[[#This Row],[H]]-Table1[[#This Row],[2B]]-Table1[[#This Row],[3B]]-Table1[[#This Row],[HR]] -> 0 | AI15: =IF(Table1[[#This Row],[Team_Game_Number]] >_xlfn.MAXIFS(Table1[Team_Game_Number],Table1[Team],Table1[[#This Row],[Team]]) - 5,1,0) -> 0 | AJ15: {=MATCH(Table1[[#This Row],[Game_ID]],_xlfn.UNIQUE(_xlfn._xlws.FILTER(Table1[Game_ID],Table1[Team]=Table1[[#This Row],[Team]])),0)} -> 2 | AK15: =IF(Table1[[#This Row],[Last5_Flag]]=1,1,0) -> 0 | AL15: =COUNTIFS( Table1[Player Name], Table1[[#This Row],[Player Name]], Table1[Position], Table1[[#This Row],[Position]] ) -> 27 | AM15: {=IFERROR( _xlfn.LET( _xlpm.player, Table1[[#This Row],[Player Name]], _xlpm.uPos, _xlfn.UNIQUE(_xlfn._xlws.FILTER(Table1[Position], Table1[Player Name]=_xlpm.player)), _xlpm.counts, _xlfn.MAP(_xlpm.uPos, _xlfn.LAMBDA(_xlpm.p, COUNTIFS(Table1[Player Name], _xlpm.player, Table1[Position], _xlpm.p))), INDEX(_xlpm.uPos, MATCH(MAX(_xlpm.counts), _xlpm.counts, 0)) ), "N/A")} -> 1B
A16: =TEXT(Table1[[#This Row],[Date]],"yyyymmdd") & "_" & (LEFT(D16,3) & "_" & LEFT(E16,3) & "_" & (Table1[[#This Row],[Game_no.]])) -> 20260130_UNC_D&E_2 | B16: 46052 | C16: 2 | D16: UNC Pembroke | E16: D&E | F16: D&E | G16: UNC Pembroke | H16: A.Higgins | I16: =TRIM(SUBSTITUTE(Table1[[#This Row],[Player]], " ", "")) -> A.Higgins | J16: 2 | K16: 1 | L16: 1 | M16: 0 | N16: 1 | O16: 0 | P16: 0 | Q16: 0 | R16: 0 | S16: 0 | T16: 0 | U16: 0 | V16: =L16*1+P16*2+Q16*3+R16*4 -> 1 | W16: SS | X16: 4 | Y16: 0 | AF16: =Table1[[#This Row],[AB]]+Table1[[#This Row],[BB]]+Table1[[#This Row],[SF]] -> 3 | AG16: =Table1[[#This Row],[H]]+Table1[[#This Row],[BB]] -> 2 | AH16: =Table1[[#This Row],[H]]-Table1[[#This Row],[2B]]-Table1[[#This Row],[3B]]-Table1[[#This Row],[HR]] -> 1 | AI16: =IF(Table1[[#This Row],[Team_Game_Number]] >_xlfn.MAXIFS(Table1[Team_Game_Number],Table1[Team],Table1[[#This Row],[Team]]) - 5,1,0) -> 0 | AJ16: {=MATCH(Table1[[#This Row],[Game_ID]],_xlfn.UNIQUE(_xlfn._xlws.FILTER(Table1[Game_ID],Table1[Team]=Table1[[#This Row],[Team]])),0)} -> 2 | AK16: =IF(Table1[[#This Row],[Last5_Flag]]=1,1,0) -> 0 | AL16: =COUNTIFS( Table1[Player Name], Table1[[#This Row],[Player Name]], Table1[Position], Table1[[#This Row],[Position]] ) -> 22 | AM16: {=IFERROR( _xlfn.LET( _xlpm.player, Table1[[#This Row],[Player Name]], _xlpm.uPos, _xlfn.UNIQUE(_xlfn._xlws.FILTER(Table1[Position], Table1[Player Name]=_xlpm.player)), _xlpm.counts, _xlfn.MAP(_xlpm.uPos, _xlfn.LAMBDA(_xlpm.p, COUNTIFS(Table1[Player Name], _xlpm.player, Table1[Position], _xlpm.p))), INDEX(_xlpm.uPos, MATCH(MAX(_xlpm.counts), _xlpm.counts, 0)) ), "N/A")} -> SS
A17: =TEXT(Table1[[#This Row],[Date]],"yyyymmdd") & "_" & (LEFT(D17,3) & "_" & LEFT(E17,3) & "_" & (Table1[[#This Row],[Game_no.]])) -> 20260130_UNC_D&E_2 | B17: 46052 | C17: 2 | D17: UNC Pembroke | E17: D&E | F17: D&E | G17: UNC Pembroke | H17: T.Fleming | I17: =TRIM(SUBSTITUTE(Table1[[#This Row],[Player]], " ", "")) -> T.Fleming | J17: 3 | K17: 0 | L17: 1 | M17: 0 | N17: 0 | O17: 0 | P17: 1 | Q17: 0 | R17: 0 | S17: 0 | T17: 0 | U17: 0 | V17: =L17*1+P17*2+Q17*3+R17*4 -> 3 | W17: DP | X17: 5 | Y17: 0 | AF17: =Table1[[#This Row],[AB]]+Table1[[#This Row],[BB]]+Table1[[#This Row],[SF]] -> 3 | AG17: =Table1[[#This Row],[H]]+Table1[[#This Row],[BB]] -> 1 | AH17: =Table1[[#This Row],[H]]-Table1[[#This Row],[2B]]-Table1[[#This Row],[3B]]-Table1[[#This Row],[HR]] -> 0 | AI17: =IF(Table1[[#This Row],[Team_Game_Number]] >_xlfn.MAXIFS(Table1[Team_Game_Number],Table1[Team],Table1[[#This Row],[Team]]) - 5,1,0) -> 0 | AJ17: {=MATCH(Table1[[#This Row],[Game_ID]],_xlfn.UNIQUE(_xlfn._xlws.FILTER(Table1[Game_ID],Table1[Team]=Table1[[#This Row],[Team]])),0)} -> 2 | AK17: =IF(Table1[[#This Row],[Last5_Flag]]=1,1,0) -> 0 | AL17: =COUNTIFS( Table1[Player Name], Table1[[#This Row],[Player Name]], Table1[Position], Table1[[#This Row],[Position]] ) -> 11 | AM17: {=IFERROR( _xlfn.LET( _xlpm.player, Table1[[#This Row],[Player Name]], _xlpm.uPos, _xlfn.UNIQUE(_xlfn._xlws.FILTER(Table1[Position], Table1[Player Name]=_xlpm.player)), _xlpm.counts, _xlfn.MAP(_xlpm.uPos, _xlfn.LAMBDA(_xlpm.p, COUNTIFS(Table1[Player Name], _xlpm.player, Table1[Position], _xlpm.p))), INDEX(_xlpm.uPos, MATCH(MAX(_xlpm.counts), _xlpm.counts, 0)) ), "N/A")} -> 2B
A18: =TEXT(Table1[[#This Row],[Date]],"yyyymmdd") & "_" & (LEFT(D18,3) & "_" & LEFT(E18,3) & "_" & (Table1[[#This Row],[Game_no.]])) -> 20260130_UNC_D&E_2 | B18: 46052 | C18: 2 | D18: UNC Pembroke | E18: D&E | F18: D&E | G18: UNC Pembroke | H18: G.Wessling | I18: =TRIM(SUBSTITUTE(Table1[[#This Row],[Player]], " ", "")) -> G.Wessling | J18: 2 | K18: 0 | L18: 0 | M18: 1 | N18: 0 | O18: 0 | P18: 0 | Q18: 0 | R18: 0 | S18: 0 | T18: 0 | U18: 1 | V18: =L18*1+P18*2+Q18*3+R18*4 -> 0 | W18: C | X18: 6 | Y18: 0 | AF18: =Table1[[#This Row],[AB]]+Table1[[#This Row],[BB]]+Table1[[#This Row],[SF]] -> 3 | AG18: =Table1[[#This Row],[H]]+Table1[[#This Row],[BB]] -> 0 | AH18: =Table1[[#This Row],[H]]-Table1[[#This Row],[2B]]-Table1[[#This Row],[3B]]-Table1[[#This Row],[HR]] -> 0 | AI18: =IF(Table1[[#This Row],[Team_Game_Number]] >_xlfn.MAXIFS(Table1[Team_Game_Number],Table1[Team],Table1[[#This Row],[Team]]) - 5,1,0) -> 0 | AJ18: {=MATCH(Table1[[#This Row],[Game_ID]],_xlfn.UNIQUE(_xlfn._xlws.FILTER(Table1[Game_ID],Table1[Team]=Table1[[#This Row],[Team]])),0)} -> 2 | AK18: =IF(Table1[[#This Row],[Last5_Flag]]=1,1,0) -> 0 | AL18: =COUNTIFS( Table1[Player Name], Table1[[#This Row],[Player Name]], Table1[Position], Table1[[#This Row],[Position]] ) -> 26 | AM18: {=IFERROR( _xlfn.LET( _xlpm.player, Table1[[#This Row],[Player Name]], _xlpm.uPos, _xlfn.UNIQUE(_xlfn._xlws.FILTER(Table1[Position], Table1[Player Name]=_xlpm.player)), _xlpm.counts, _xlfn.MAP(_xlpm.uPos, _xlfn.LAMBDA(_xlpm.p, COUNTIFS(Table1[Player Name], _xlpm.player, Table1[Position], _xlpm.p))), INDEX(_xlpm.uPos, MATCH(MAX(_xlpm.counts), _xlpm.counts, 0)) ), "N/A")} -> C
A19: =TEXT(Table1[[#This Row],[Date]],"yyyymmdd") & "_" & (LEFT(D19,3) & "_" & LEFT(E19,3) & "_" & (Table1[[#This Row],[Game_no.]])) -> 20260130_UNC_D&E_2 | B19: 46052 | C19: 2 | D19: UNC Pembroke | E19: D&E | F19: D&E | G19: UNC Pembroke | H19: M.Henkle | I19: =TRIM(SUBSTITUTE(Table1[[#This Row],[Player]], " ", "")) -> M.Henkle | J19: 3 | K19: 0 | L19: 0 | M19: 0 | N19: 0 | O19: 0 | P19: 0 | Q19: 0 | R19: 0 | S19: 0 | T19: 0 | U19: 0 | V19: =L19*1+P19*2+Q19*3+R19*4 -> 0 | W19: 3B | X19: 7 | Y19: 0 | AF19: =Table1[[#This Row],[AB]]+Table1[[#This Row],[BB]]+Table1[[#This Row],[SF]] -> 3 | AG19: =Table1[[#This Row],[H]]+Table1[[#This Row],[BB]] -> 0 | AH19: =Table1[[#This Row],[H]]-Table1[[#This Row],[2B]]-Table1[[#This Row],[3B]]-Table1[[#This Row],[HR]] -> 0 | AI19: =IF(Table1[[#This Row],[Team_Game_Number]] >_xlfn.MAXIFS(Table1[Team_Game_Number],Table1[Team],Table1[[#This Row],[Team]]) - 5,1,0) -> 0 | AJ19: {=MATCH(Table1[[#This Row],[Game_ID]],_xlfn.UNIQUE(_xlfn._xlws.FILTER(Table1[Game_ID],Table1[Team]=Table1[[#This Row],[Team]])),0)} -> 2 | AK19: =IF(Table1[[#This Row],[Last5_Flag]]=1,1,0) -> 0 | AL19: =COUNTIFS( Table1[Player Name], Table1[[#This Row],[Player Name]], Table1[Position], Table1[[#This Row],[Position]] ) -> 13 | AM19: {=IFERROR( _xlfn.LET( _xlpm.player, Table1[[#This Row],[Player Name]], _xlpm.uPos, _xlfn.UNIQUE(_xlfn._xlws.FILTER(Table1[Position], Table1[Player Name]=_xlpm.player)), _xlpm.counts, _xlfn.MAP(_xlpm.uPos, _xlfn.LAMBDA(_xlpm.p, COUNTIFS(Table1[Player Name], _xlpm.player, Table1[Position], _xlpm.p))), INDEX(_xlpm.uPos, MATCH(MAX(_xlpm.counts), _xlpm.counts, 0)) ), "N/A")} -> 3B
A20: =TEXT(Table1[[#This Row],[Date]],"yyyymmdd") & "_" & (LEFT(D20,3) & "_" & LEFT(E20,3) & "_" & (Table1[[#This Row],[Game_no.]])) -> 20260130_UNC_D&E_2 | B20: 46052 | C20: 2 | D20: UNC Pembroke | E20: D&E | F20: D&E | G20: UNC Pembroke | H20: C.Montgomery | I20: =TRIM(SUBSTITUTE(Table1[[#This Row],[Player]], " ", "")) -> C.Montgomery | J20: 2 | K20: 1 | L20: 1 | M20: 1 | N20: 0 | O20: 0 | P20: 0 | Q20: 0 | R20: 1 | S20: 0 | T20: 0 | U20: 0 | V20: =L20*1+P20*2+Q20*3+R20*4 -> 5 | W20: LF | X20: 8 | Y20: 0 | AF20: =Table1[[#This Row],[AB]]+Table1[[#This Row],[BB]]+Table1[[#This Row],[SF]] -> 2 | AG20: =Table1[[#This Row],[H]]+Table1[[#This Row],[BB]] -> 1 | AH20: =Table1[[#This Row],[H]]-Table1[[#This Row],[2B]]-Table1[[#This Row],[3B]]-Table1[[#This Row],[HR]] -> 0 | AI20: =IF(Table1[[#This Row],[Team_Game_Number]] >_xlfn.MAXIFS(Table1[Team_Game_Number],Table1[Team],Table1[[#This Row],[Team]]) - 5,1,0) -> 0 | AJ20: {=MATCH(Table1[[#This Row],[Game_ID]],_xlfn.UNIQUE(_xlfn._xlws.FILTER(Table1[Game_ID],Table1[Team]=Table1[[#This Row],[Team]])),0)} -> 2 | AK20: =IF(Table1[[#This Row],[Last5_Flag]]=1,1,0) -> 0 | AL20: =COUNTIFS( Table1[Player Name], Table1[[#This Row],[Player Name]], Table1[Position], Table1[[#This Row],[Position]] ) -> 6 | AM20: {=IFERROR( _xlfn.LET( _xlpm.player, Table1[[#This Row],[Player Name]], _xlpm.uPos, _xlfn.UNIQUE(_xlfn._xlws.FILTER(Table1[Position], Table1[Player Name]=_xlpm.player)), _xlpm.counts, _xlfn.MAP(_xlpm.uPos, _xlfn.LAMBDA(_xlpm.p, COUNTIFS(Table1[Player Name], _xlpm.player, Table1[Position], _xlpm.p))), INDEX(_xlpm.uPos, MATCH(MAX(_xlpm.counts), _xlpm.counts, 0)) ), "N/A")} -> LF
A21: =TEXT(Table1[[#This Row],[Date]],"yyyymmdd") & "_" & (LEFT(D21,3) & "_" & LEFT(E21,3) & "_" & (Table1[[#This Row],[Game_no.]])) -> 20260130_UNC_D&E_2 | B21: 46052 | C21: 2 | D21: UNC Pembroke | E21: D&E | F21: D&E | G21: UNC Pembroke | H21: M.Smith | I21: =TRIM(SUBSTITUTE(Table1[[#This Row],[Player]], " ", "")) -> M.Smith | J21: 2 | K21: 0 | L21: 0 | M21: 0 | N21: 0 | O21: 2 | P21: 0 | Q21: 0 | R21: 0 | S21: 0 | T21: 0 | U21: 0 | V21: =L21*1+P21*2+Q21*3+R21*4 -> 0 | W21: RF | X21: 9 | Y21: 0 | AF21: =Table1[[#This Row],[AB]]+Table1[[#This Row],[BB]]+Table1[[#This Row],[SF]] -> 2 | AG21: =Table1[[#This Row],[H]]+Table1[[#This Row],[BB]] -> 0 | AH21: =Table1[[#This Row],[H]]-Table1[[#This Row],[2B]]-Table1[[#This Row],[3B]]-Table1[[#This Row],[HR]] -> 0 | AI21: =IF(Table1[[#This Row],[Team_Game_Number]] >_xlfn.MAXIFS(Table1[Team_Game_Number],Table1[Team],Table1[[#This Row],[Team]]) - 5,1,0) -> 0 | AJ21: {=MATCH(Table1[[#This Row],[Game_ID]],_xlfn.UNIQUE(_xlfn._xlws.FILTER(Table1[Game_ID],Table1[Team]=Table1[[#This Row],[Team]])),0)} -> 2 | AK21: =IF(Table1[[#This Row],[Last5_Flag]]=1,1,0) -> 0 | AL21: =COUNTIFS( Table1[Player Name], Table1[[#This Row],[Player Name]], Table1[Position], Table1[[#This Row],[Position]] ) -> 21 | AM21: {=IFERROR( _xlfn.LET( _xlpm.player, Table1[[#This Row],[Player Name]], _xlpm.uPos, _xlfn.UNIQUE(_xlfn._xlws.FILTER(Table1[Position], Table1[Player Name]=_xlpm.player)), _xlpm.counts, _xlfn.MAP(_xlpm.uPos, _xlfn.LAMBDA(_xlpm.p, COUNTIFS(Table1[Player Name], _xlpm.player, Table1[Position], _xlpm.p))), INDEX(_xlpm.uPos, MATCH(MAX(_xlpm.counts), _xlpm.counts, 0)) ), "N/A")} -> RF
A22: =TEXT(Table1[[#This Row],[Date]],"yyyymmdd") & "_" & (LEFT(D22,3) & "_" & LEFT(E22,3) & "_" & (Table1[[#This Row],[Game_no.]])) -> 20260130_UNC_D&E_2 | B22: 46052 | C22: 2 | D22: UNC Pembroke | E22: D&E | F22: D&E | G22: UNC Pembroke | H22: S.Jarvis | I22: =TRIM(SUBSTITUTE(Table1[[#This Row],[Player]], " ", "")) -> S.Jarvis | J22: 0 | K22: 0 | L22: 0 | M22: 0 | N22: 0 | O22: 0 | P22: 0 | Q22: 0 | R22: 0 | S22: 0 | T22: 0 | U22: 0 | V22: =L22*1+P22*2+Q22*3+R22*4 -> 0 | W22: P | Y22: 0 | Z22: 4.333 | AA22: 9 | AB22: 8 | AC22: 7 | AD22: 2 | AE22: 2 | AF22: =Table1[[#This Row],[AB]]+Table1[[#This Row],[BB]]+Table1[[#This Row],[SF]] -> 0 | AG22: =Table1[[#This Row],[H]]+Table1[[#This Row],[BB]] -> 0 | AH22: =Table1[[#This Row],[H]]-Table1[[#This Row],[2B]]-Table1[[#This Row],[3B]]-Table1[[#This Row],[HR]] -> 0 | AI22: =IF(Table1[[#This Row],[Team_Game_Number]] >_xlfn.MAXIFS(Table1[Team_Game_Number],Table1[Team],Table1[[#This Row],[Team]]) - 5,1,0) -> 0 | AJ22: {=MATCH(Table1[[#This Row],[Game_ID]],_xlfn.UNIQUE(_xlfn._xlws.FILTER(Table1[Game_ID],Table1[Team]=Table1[[#This Row],[Team]])),0)} -> 2 | AK22: =IF(Table1[[#This Row],[Last5_Flag]]=1,1,0) -> 0 | AL22: =COUNTIFS( Table1[Player Name], Table1[[#This Row],[Player Name]], Table1[Position], Table1[[#This Row],[Position]] ) -> 11 | AM22: {=IFERROR( _xlfn.LET( _xlpm.player, Table1[[#This Row],[Player Name]], _xlpm.uPos, _xlfn.UNIQUE(_xlfn._xlws.FILTER(Table1[Position], Table1[Player Name]=_xlpm.player)), _xlpm.counts, _xlfn.MAP(_xlpm.uPos, _xlfn.LAMBDA(_xlpm.p, COUNTIFS(Table1[Player Name], _xlpm.player, Table1[Position], _xlpm.p))), INDEX(_xlpm.uPos, MATCH(MAX(_xlpm.counts), _xlpm.counts, 0)) ), "N/A")} -> P
A23: =TEXT(Table1[[#This Row],[Date]],"yyyymmdd") & "_" & (LEFT(D23,3) & "_" & LEFT(E23,3) & "_" & (Table1[[#This Row],[Game_no.]])) -> 20260130_UNC_D&E_2 | B23: 46052 | C23: 2 | D23: UNC Pembroke | E23: D&E | F23: D&E | G23: UNC Pembroke | H23: K.Tellings | I23: =TRIM(SUBSTITUTE(Table1[[#This Row],[Player]], " ", "")) -> K.Tellings | J23: 0 | K23: 0 | L23: 0 | M23: 0 | N23: 0 | O23: 0 | P23: 0 | Q23: 0 | R23: 0 | S23: 0 | T23: 0 | U23: 0 | V23: =L23*1+P23*2+Q23*3+R23*4 -> 0 | W23: P | Y23: 0 | Z23: 0.333 | AA23: 3 | AB23: 4 | AC23: 4 | AD23: 2 | AE23: 0 | AF23: =Table1[[#This Row],[AB]]+Table1[[#This Row],[BB]]+Table1[[#This Row],[SF]] -> 0 | AG23: =Table1[[#This Row],[H]]+Table1[[#This Row],[BB]] -> 0 | AH23: =Table1[[#This Row],[H]]-Table1[[#This Row],[2B]]-Table1[[#This Row],[3B]]-Table1[[#This Row],[HR]] -> 0 | AI23: =IF(Table1[[#This Row],[Team_Game_Number]] >_xlfn.MAXIFS(Table1[Team_Game_Number],Table1[Team],Table1[[#This Row],[Team]]) - 5,1,0) -> 0 | AJ23: {=MATCH(Table1[[#This Row],[Game_ID]],_xlfn.UNIQUE(_xlfn._xlws.FILTER(Table1[Game_ID],Table1[Team]=Table1[[#This Row],[Team]])),0)} -> 2 | AK23: =IF(Table1[[#This Row],[Last5_Flag]]=1,1,0) -> 0 | AL23: =COUNTIFS( Table1[Player Name], Table1[[#This Row],[Player Name]], Table1[Position], Table1[[#This Row],[Position]] ) -> 8 | AM23: {=IFERROR( _xlfn.LET( _xlpm.player, Table1[[#This Row],[Player Name]], _xlpm.uPos, _xlfn.UNIQUE(_xlfn._xlws.FILTER(Table1[Position], Table1[Player Name]=_xlpm.player)), _xlpm.counts, _xlfn.MAP(_xlpm.uPos, _xlfn.LAMBDA(_xlpm.p, COUNTIFS(Table1[Player Name], _xlpm.player, Table1[Position], _xlpm.p))), INDEX(_xlpm.uPos, MATCH(MAX(_xlpm.counts), _xlpm.counts, 0)) ), "N/A")} -> P
A24: =TEXT(Table1[[#This Row],[Date]],"yyyymmdd") & "_" & (LEFT(D24,3) & "_" & LEFT(E24,3) & "_" & (Table1[[#This Row],[Game_no.]])) -> 20260208_Emo_Gle_1 | B24: 46061 | C24: 1 | D24: Emory & Henry | E24: Glenville | F24: Glenville | G24: Emory & Henry | H24: K.Goodman | I24: =TRIM(SUBSTITUTE(Table1[[#This Row],[Player]], " ", "")) -> K.Goodman | J24: 4 | K24: 2 | L24: 2 | M24: 1 | N24: 0 | O24: 0 | P24: 0 | Q24: 0 | R24: 0 | S24: 1 | T24: 0 | U24: 0 | V24: =L24*1+P24*2+Q24*3+R24*4 -> 2 | W24: 3B | X24: 1 | Y24: 0 | AF24: =Table1[[#This Row],[AB]]+Table1[[#This Row],[BB]]+Table1[[#This Row],[SF]] -> 4 | AG24: =Table1[[#This Row],[H]]+Table1[[#This Row],[BB]] -> 2 | AH24: =Table1[[#This Row],[H]]-Table1[[#This Row],[2B]]-Table1[[#This Row],[3B]]-Table1[[#This Row],[HR]] -> 2 | AI24: =IF(Table1[[#This Row],[Team_Game_Number]] >_xlfn.MAXIFS(Table1[Team_Game_Number],Table1[Team],Table1[[#This Row],[Team]]) - 5,1,0) -> 0 | AJ24: {=MATCH(Table1[[#This Row],[Game_ID]],_xlfn.UNIQUE(_xlfn._xlws.FILTER(Table1[Game_ID],Table1[Team]=Table1[[#This Row],[Team]])),0)} -> 1 | AK24: =IF(Table1[[#This Row],[Last5_Flag]]=1,1,0) -> 0 | AL24: =COUNTIFS( Table1[Player Name], Table1[[#This Row],[Player Name]], Table1[Position], Table1[[#This Row],[Position]] ) -> 13 | AM24: {=IFERROR( _xlfn.LET( _xlpm.player, Table1[[#This Row],[Player Name]], _xlpm.uPos, _xlfn.UNIQUE(_xlfn._xlws.FILTER(Table1[Position], Table1[Player Name]=_xlpm.player)), _xlpm.counts, _xlfn.MAP(_xlpm.uPos, _xlfn.LAMBDA(_xlpm.p, COUNTIFS(Table1[Player Name], _xlpm.player, Table1[Position], _xlpm.p))), INDEX(_xlpm.uPos, MATCH(MAX(_xlpm.counts), _xlpm.counts, 0)) ), "N/A")} -> 3B
A25: =TEXT(Table1[[#This Row],[Date]],"yyyymmdd") & "_" & (LEFT(D25,3) & "_" & LEFT(E25,3) & "_" & (Table1[[#This Row],[Game_no.]])) -> 20260208_Emo_Gle_1 | B25: 46061 | C25: 1 | D25: Emory & Henry | E25: Glenville | F25: Glenville | G25: Emory & Henry | H25: E.Lilly | I25: =TRIM(SUBSTITUTE(Table1[[#This Row],[Player]], " ", "")) -> E.Lilly | J25: 0 | K25: 1 | L25: 0 | M25: 0 | N25: 0 | O25: 0 | P25: 0 | Q25: 0 | R25: 0 | S25: 0 | T25: 0 | U25: 0 | V25: =L25*1+P25*2+Q25*3+R25*4 -> 0 | W25: PR | Y25: 0 | AF25: =Table1[[#This Row],[AB]]+Table1[[#This Row],[BB]]+Table1[[#This Row],[SF]] -> 0 | AG25: =Table1[[#This Row],[H]]+Table1[[#This Row],[BB]] -> 0 | AH25: =Table1[[#This Row],[H]]-Table1[[#This Row],[2B]]-Table1[[#This Row],[3B]]-Table1[[#This Row],[HR]] -> 0 | AI25: =IF(Table1[[#This Row],[Team_Game_Number]] >_xlfn.MAXIFS(Table1[Team_Game_Number],Table1[Team],Table1[[#This Row],[Team]]) - 5,1,0) -> 0 | AJ25: {=MATCH(Table1[[#This Row],[Game_ID]],_xlfn.UNIQUE(_xlfn._xlws.FILTER(Table1[Game_ID],Table1[Team]=Table1[[#This Row],[Team]])),0)} -> 1 | AK25: =IF(Table1[[#This Row],[Last5_Flag]]=1,1,0) -> 0 | AL25: =COUNTIFS( Table1[Player Name], Table1[[#This Row],[Player Name]], Table1[Position], Table1[[#This Row],[Position]] ) -> 6 | AM25: {=IFERROR( _xlfn.LET( _xlpm.player, Table1[[#This Row],[Player Name]], _xlpm.uPos, _xlfn.UNIQUE(_xlfn._xlws.FILTER(Table1[Position], Table1[Player Name]=_xlpm.player)), _xlpm.counts, _xlfn.MAP(_xlpm.uPos, _xlfn.LAMBDA(_xlpm.p, COUNTIFS(Table1[Player Name], _xlpm.player, Table1[Position], _xlpm.p))), INDEX(_xlpm.uPos, MATCH(MAX(_xlpm.counts), _xlpm.counts, 0)) ), "N/A")} -> PR
A26: =TEXT(Table1[[#This Row],[Date]],"yyyymmdd") & "_" & (LEFT(D26,3) & "_" & LEFT(E26,3) & "_" & (Table1[[#This Row],[Game_no.]])) -> 20260208_Emo_Gle_1 | B26: 46061 | C26: 1 | D26: Emory & Henry | E26: Glenville | F26: Glenville | G26: Emory & Henry | H26: S.McDaniels | I26: =TRIM(SUBSTITUTE(Table1[[#This Row],[Player]], " ", "")) -> S.McDaniels | J26: 3 | K26: 3 | L26: 2 | M26: 4 | N26: 0 | O26: 0 | P26: 0 | Q26: 0 | R26: 1 | S26: 0 | T26: 0 | U26: 0 | V26: =L26*1+P26*2+Q26*3+R26*4 -> 6 | W26: LF | X26: 2 | Y26: 0 | AF26: =Table1[[#This Row],[AB]]+Table1[[#This Row],[BB]]+Table1[[#This Row],[SF]] -> 3 | AG26: =Table1[[#This Row],[H]]+Table1[[#This Row],[BB]] -> 2 | AH26: =Table1[[#This Row],[H]]-Table1[[#This Row],[2B]]-Table1[[#This Row],[3B]]-Table1[[#This Row],[HR]] -> 1 | AI26: =IF(Table1[[#This Row],[Team_Game_Number]] >_xlfn.MAXIFS(Table1[Team_Game_Number],Table1[Team],Table1[[#This Row],[Team]]) - 5,1,0) -> 0 | AJ26: {=MATCH(Table1[[#This Row],[Game_ID]],_xlfn.UNIQUE(_xlfn._xlws.FILTER(Table1[Game_ID],Table1[Team]=Table1[[#This Row],[Team]])),0)} -> 1 | AK26: =IF(Table1[[#This Row],[Last5_Flag]]=1,1,0) -> 0 | AL26: =COUNTIFS( Table1[Player Name], Table1[[#This Row],[Player Name]], Table1[Position], Table1[[#This Row],[Position]] ) -> 30 | AM26: {=IFERROR( _xlfn.LET( _xlpm.player, Table1[[#This Row],[Player Name]], _xlpm.uPos, _xlfn.UNIQUE(_xlfn._xlws.FILTER(Table1[Position], Table1[Player Name]=_xlpm.player)), _xlpm.counts, _xlfn.MAP(_xlpm.uPos, _xlfn.LAMBDA(_xlpm.p, COUNTIFS(Table1[Player Name], _xlpm.player, Table1[Position], _xlpm.p))), INDEX(_xlpm.uPos, MATCH(MAX(_xlpm.counts), _xlpm.counts, 0)) ), "N/A")} -> LF
A27: =TEXT(Table1[[#This Row],[Date]],"yyyymmdd") & "_" & (LEFT(D27,3) & "_" & LEFT(E27,3) & "_" & (Table1[[#This Row],[Game_no.]])) -> 20260208_Emo_Gle_1 | B27: 46061 | C27: 1 | D27: Emory & Henry | E27: Glenville | F27: Glenville | G27: Emory & Henry | H27: D.Warnick | I27: =TRIM(SUBSTITUTE(Table1[[#This Row],[Player]], " ", "")) -> D.Warnick | J27: 2 | K27: 0 | L27: 1 | M27: 2 | N27: 0 | O27: 1 | P27: 0 | Q27: 0 | R27: 0 | S27: 1 | T27: 0 | U27: 0 | V27: =L27*1+P27*2+Q27*3+R27*4 -> 1 | W27: SS | X27: 3 | Y27: 0 | AF27: =Table1[[#This Row],[AB]]+Table1[[#This Row],[BB]]+Table1[[#This Row],[SF]] -> 2 | AG27: =Table1[[#This Row],[H]]+Table1[[#This Row],[BB]] -> 1 | AH27: =Table1[[#This Row],[H]]-Table1[[#This Row],[2B]]-Table1[[#This Row],[3B]]-Table1[[#This Row],[HR]] -> 1 | AI27: =IF(Table1[[#This Row],[Team_Game_Number]] >_xlfn.MAXIFS(Table1[Team_Game_Number],Table1[Team],Table1[[#This Row],[Team]]) - 5,1,0) -> 0 | AJ27: {=MATCH(Table1[[#This Row],[Game_ID]],_xlfn.UNIQUE(_xlfn._xlws.FILTER(Table1[Game_ID],Table1[Team]=Table1[[#This Row],[Team]])),0)} -> 1 | AK27: =IF(Table1[[#This Row],[Last5_Flag]]=1,1,0) -> 0 | AL27: =COUNTIFS( Table1[Player Name], Table1[[#This Row],[Player Name]], Table1[Position], Table1[[#This Row],[Position]] ) -> 30 | AM27: {=IFERROR( _xlfn.LET( _xlpm.player, Table1[[#This Row],[Player Name]], _xlpm.uPos, _xlfn.UNIQUE(_xlfn._xlws.FILTER(Table1[Position], Table1[Player Name]=_xlpm.player)), _xlpm.counts, _xlfn.MAP(_xlpm.uPos, _xlfn.LAMBDA(_xlpm.p, COUNTIFS(Table1[Player Name], _xlpm.player, Table1[Position], _xlpm.p))), INDEX(_xlpm.uPos, MATCH(MAX(_xlpm.counts), _xlpm.counts, 0)) ), "N/A")} -> SS
A28: =TEXT(Table1[[#This Row],[Date]],"yyyymmdd") & "_" & (LEFT(D28,3) & "_" & LEFT(E28,3) & "_" & (Table1[[#This Row],[Game_no.]])) -> 20260208_Emo_Gle_1 | B28: 46061 | C28: 1 | D28: Emory & Henry | E28: Glenville | F28: Glenville | G28: Emory & Henry | H28: Z.Seda | I28: =TRIM(SUBSTITUTE(Table1[[#This Row],[Player]], " ", "")) -> Z.Seda | J28: 2 | K28: 0 | L28: 1 | M28: 0 | N28: 0 | O28: 0 | P28: 0 | Q28: 0 | R28: 0 | S28: 0 | T28: 0 | U28: 0 | V28: =L28*1+P28*2+Q28*3+R28*4 -> 1 | W28: 2B | X28: 4 | Y28: 0 | AF28: =Table1[[#This Row],[AB]]+Table1[[#This Row],[BB]]+Table1[[#This Row],[SF]] -> 2 | AG28: =Table1[[#This Row],[H]]+Table1[[#This Row],[BB]] -> 1 | AH28: =Table1[[#This Row],[H]]-Table1[[#This Row],[2B]]-Table1[[#This Row],[3B]]-Table1[[#This Row],[HR]] -> 1 | AI28: =IF(Table1[[#This Row],[Team_Game_Number]] >_xlfn.MAXIFS(Table1[Team_Game_Number],Table1[Team],Table1[[#This Row],[Team]]) - 5,1,0) -> 0 | AJ28: {=MATCH(Table1[[#This Row],[Game_ID]],_xlfn.UNIQUE(_xlfn._xlws.FILTER(Table1[Game_ID],Table1[Team]=Table1[[#This Row],[Team]])),0)} -> 1 | AK28: =IF(Table1[[#This Row],[Last5_Flag]]=1,1,0) -> 0 | AL28: =COUNTIFS( Table1[Player Name], Table1[[#This Row],[Player Name]], Table1[Position], Table1[[#This Row],[Position]] ) -> 30 | AM28: {=IFERROR( _xlfn.LET( _xlpm.player, Table1[[#This Row],[Player Name]], _xlpm.uPos, _xlfn.UNIQUE(_xlfn._xlws.FILTER(Table1[Position], Table1[Player Name]=_xlpm.player)), _xlpm.counts, _xlfn.MAP(_xlpm.uPos, _xlfn.LAMBDA(_xlpm.p, COUNTIFS(Table1[Player Name], _xlpm.player, Table1[Position], _xlpm.p))), INDEX(_xlpm.uPos, MATCH(MAX(_xlpm.counts), _xlpm.counts, 0)) ), "N/A")} -> 2B
A29: =TEXT(Table1[[#This Row],[Date]],"yyyymmdd") & "_" & (LEFT(D29,3) & "_" & LEFT(E29,3) & "_" & (Table1[[#This Row],[Game_no.]])) -> 20260208_Emo_Gle_1 | B29: 46061 | C29: 1 | D29: Emory & Henry | E29: Glenville | F29: Glenville | G29: Emory & Henry | H29: H.Howe | I29: =TRIM(SUBSTITUTE(Table1[[#This Row],[Player]], " ", "")) -> H.Howe | J29: 1 | K29: 0 | L29: 0 | M29: 0 | N29: 0 | O29: 1 | P29: 0 | Q29: 0 | R29: 0 | S29: 0 | T29: 0 | U29: 0 | V29: =L29*1+P29*2+Q29*3+R29*4 -> 0 | W29: 1B | X29: 5 | Y29: 0 | AF29: =Table1[[#This Row],[AB]]+Table1[[#This Row],[BB]]+Table1[[#This Row],[SF]] -> 1 | AG29: =Table1[[#This Row],[H]]+Table1[[#This Row],[BB]] -> 0 | AH29: =Table1[[#This Row],[H]]-Table1[[#This Row],[2B]]-Table1[[#This Row],[3B]]-Table1[[#This Row],[HR]] -> 0 | AI29: =IF(Table1[[#This Row],[Team_Game_Number]] >_xlfn.MAXIFS(Table1[Team_Game_Number],Table1[Team],Table1[[#This Row],[Team]]) - 5,1,0) -> 0 | AJ29: {=MATCH(Table1[[#This Row],[Game_ID]],_xlfn.UNIQUE(_xlfn._xlws.FILTER(Table1[Game_ID],Table1[Team]=Table1[[#This Row],[Team]])),0)} -> 1 | AK29: =IF(Table1[[#This Row],[Last5_Flag]]=1,1,0) -> 0 | AL29: =COUNTIFS( Table1[Player Name], Table1[[#This Row],[Player Name]], Table1[Position], Table1[[#This Row],[Position]] ) -> 19 | AM29: {=IFERROR( _xlfn.LET( _xlpm.player, Table1[[#This Row],[Player Name]], _xlpm.uPos, _xlfn.UNIQUE(_xlfn._xlws.FILTER(Table1[Position], Table1[Player Name]=_xlpm.player)), _xlpm.counts, _xlfn.MAP(_xlpm.uPos, _xlfn.LAMBDA(_xlpm.p, COUNTIFS(Table1[Player Name], _xlpm.player, Table1[Position], _xlpm.p))), INDEX(_xlpm.uPos, MATCH(MAX(_xlpm.counts), _xlpm.counts, 0)) ), "N/A")} -> 1B
A30: =TEXT(Table1[[#This Row],[Date]],"yyyymmdd") & "_" & (LEFT(D30,3) & "_" & LEFT(E30,3) & "_" & (Table1[[#This Row],[Game_no.]])) -> 20260208_Emo_Gle_1 | B30: 46061 | C30: 1 | D30: Emory & Henry | E30: Glenville | F30: Glenville | G30: Emory & Henry | H30: E.Nolan | I30: =TRIM(SUBSTITUTE(Table1[[#This Row],[Player]], " ", "")) -> E.Nolan | J30: 2 | K30: 0 | L30: 1 | M30: 2 | N30: 0 | O30: 0 | P30: 0 | Q30: 0 | R30: 0 | S30: 0 | T30: 0 | U30: 0 | V30: =L30*1+P30*2+Q30*3+R30*4 -> 1 | W30: C | X30: 6 | Y30: 0 | AF30: =Table1[[#This Row],[AB]]+Table1[[#This Row],[BB]]+Table1[[#This Row],[SF]] -> 2 | AG30: =Table1[[#This Row],[H]]+Table1[[#This Row],[BB]] -> 1 | AH30: =Table1[[#This Row],[H]]-Table1[[#This Row],[2B]]-Table1[[#This Row],[3B]]-Table1[[#This Row],[HR]] -> 1 | AI30: =IF(Table1[[#This Row],[Team_Game_Number]] >_xlfn.MAXIFS(Table1[Team_Game_Number],Table1[Team],Table1[[#This Row],[Team]]) - 5,1,0) -> 0 | AJ30: {=MATCH(Table1[[#This Row],[Game_ID]],_xlfn.UNIQUE(_xlfn._xlws.FILTER(Table1[Game_ID],Table1[Team]=Table1[[#This Row],[Team]])),0)} -> 1 | AK30: =IF(Table1[[#This Row],[Last5_Flag]]=1,1,0) -> 0 | AL30: =COUNTIFS( Table1[Player Name], Table1[[#This Row],[Player Name]], Table1[Position], Table1[[#This Row],[Position]] ) -> 25 | AM30: {=IFERROR( _xlfn.LET( _xlpm.player, Table1[[#This Row],[Player Name]], _xlpm.uPos, _xlfn.UNIQUE(_xlfn._xlws.FILTER(Table1[Position], Table1[Player Name]=_xlpm.player)), _xlpm.counts, _xlfn.MAP(_xlpm.uPos, _xlfn.LAMBDA(_xlpm.p, COUNTIFS(Table1[Player Name], _xlpm.player, Table1[Position], _xlpm.p))), INDEX(_xlpm.uPos, MATCH(MAX(_xlpm.counts), _xlpm.counts, 0)) ), "N/A")} -> C
A31: =TEXT(Table1[[#This Row],[Date]],"yyyymmdd") & "_" & (LEFT(D31,3) & "_" & LEFT(E31,3) & "_" & (Table1[[#This Row],[Game_no.]])) -> 20260208_Emo_Gle_1 | B31: 46061 | C31: 1 | D31: Emory & Henry | E31: Glenville | F31: Glenville | G31: Emory & Henry | H31: K.Bradbury | I31: =TRIM(SUBSTITUTE(Table1[[#This Row],[Player]], " ", "")) -> K.Bradbury | J31: 0 | K31: 0 | L31: 0 | M31: 0 | N31: 0 | O31: 0 | P31: 0 | Q31: 0 | R31: 0 | S31: 1 | T31: 0 | U31: 0 | V31: =L31*1+P31*2+Q31*3+R31*4 -> 0 | W31: PR | Y31: 0 | AF31: =Table1[[#This Row],[AB]]+Table1[[#This Row],[BB]]+Table1[[#This Row],[SF]] -> 0 | AG31: =Table1[[#This Row],[H]]+Table1[[#This Row],[BB]] -> 0 | AH31: =Table1[[#This Row],[H]]-Table1[[#This Row],[2B]]-Table1[[#This Row],[3B]]-Table1[[#This Row],[HR]] -> 0 | AI31: =IF(Table1[[#This Row],[Team_Game_Number]] >_xlfn.MAXIFS(Table1[Team_Game_Number],Table1[Team],Table1[[#This Row],[Team]]) - 5,1,0) -> 0 | AJ31: {=MATCH(Table1[[#This Row],[Game_ID]],_xlfn.UNIQUE(_xlfn._xlws.FILTER(Table1[Game_ID],Table1[Team]=Table1[[#This Row],[Team]])),0)} -> 1 | AK31: =IF(Table1[[#This Row],[Last5_Flag]]=1,1,0) -> 0 | AL31: =COUNTIFS( Table1[Player Name], Table1[[#This Row],[Player Name]], Table1[Position], Table1[[#This Row],[Position]] ) -> 11 | AM31: {=IFERROR( _xlfn.LET( _xlpm.player, Table1[[#This Row],[Player Name]], _xlpm.uPos, _xlfn.UNIQUE(_xlfn._xlws.FILTER(Table1[Position], Table1[Player Name]=_xlpm.player)), _xlpm.counts, _xlfn.MAP(_xlpm.uPos, _xlfn.LAMBDA(_xlpm.p, COUNTIFS(Table1[Player Name], _xlpm.player, Table1[Position], _xlpm.p))), INDEX(_xlpm.uPos, MATCH(MAX(_xlpm.counts), _xlpm.counts, 0)) ), "N/A")} -> PR
A32: =TEXT(Table1[[#This Row],[Date]],"yyyymmdd") & "_" & (LEFT(D32,3) & "_" & LEFT(E32,3) & "_" & (Table1[[#This Row],[Game_no.]])) -> 20260208_Emo_Gle_1 | B32: 46061 | C32: 1 | D32: Emory & Henry | E32: Glenville | F32: Glenville | G32: Emory & Henry | H32: E.McLean | I32: =TRIM(SUBSTITUTE(Table1[[#This Row],[Player]], " ", "")) -> E.McLean | J32: 3 | K32: 0 | L32: 0 | M32: 0 | N32: 0 | O32: 0 | P32: 0 | Q32: 0 | R32: 0 | S32: 0 | T32: 0 | U32: 0 | V32: =L32*1+P32*2+Q32*3+R32*4 -> 0 | W32: CF | X32: 7 | Y32: 0 | AF32: =Table1[[#This Row],[AB]]+Table1[[#This Row],[BB]]+Table1[[#This Row],[SF]] -> 3 | AG32: =Table1[[#This Row],[H]]+Table1[[#This Row],[BB]] -> 0 | AH32: =Table1[[#This Row],[H]]-Table1[[#This Row],[2B]]-Table1[[#This Row],[3B]]-Table1[[#This Row],[HR]] -> 0 | AI32: =IF(Table1[[#This Row],[Team_Game_Number]] >_xlfn.MAXIFS(Table1[Team_Game_Number],Table1[Team],Table1[[#This Row],[Team]]) - 5,1,0) -> 0 | AJ32: {=MATCH(Table1[[#This Row],[Game_ID]],_xlfn.UNIQUE(_xlfn._xlws.FILTER(Table1[Game_ID],Table1[Team]=Table1[[#This Row],[Team]])),0)} -> 1 | AK32: =IF(Table1[[#This Row],[Last5_Flag]]=1,1,0) -> 0 | AL32: =COUNTIFS( Table1[Player Name], Table1[[#This Row],[Player Name]], Table1[Position], Table1[[#This Row],[Position]] ) -> 30 | AM32: {=IFERROR( _xlfn.LET( _xlpm.player, Table1[[#This Row],[Player Name]], _xlpm.uPos, _xlfn.UNIQUE(_xlfn._xlws.FILTER(Table1[Position], Table1[Player Name]=_xlpm.player)), _xlpm.counts, _xlfn.MAP(_xlpm.uPos, _xlfn.LAMBDA(_xlpm.p, COUNTIFS(Table1[Player Name], _xlpm.player, Table1[Position], _xlpm.p))), INDEX(_xlpm.uPos, MATCH(MAX(_xlpm.counts), _xlpm.counts, 0)) ), "N/A")} -> CF
A33: =TEXT(Table1[[#This Row],[Date]],"yyyymmdd") & "_" & (LEFT(D33,3) & "_" & LEFT(E33,3) & "_" & (Table1[[#This Row],[Game_no.]])) -> 20260208_Emo_Gle_1 | B33: 46061 | C33: 1 | D33: Emory & Henry | E33: Glenville | F33: Glenville | G33: Emory & Henry | H33: A.Howard | I33: =TRIM(SUBSTITUTE(Table1[[#This Row],[Player]], " ", "")) -> A.Howard | J33: 2 | K33: 0 | L33: 1 | M33: 0 | N33: 0 | O33: 0 | P33: 0 | Q33: 0 | R33: 0 | S33: 0 | T33: 0 | U33: 0 | V33: =L33*1+P33*2+Q33*3+R33*4 -> 1 | W33: DP/PH | X33: 8 | Y33: 0 | AF33: =Table1[[#This Row],[AB]]+Table1[[#This Row],[BB]]+Table1[[#This Row],[SF]] -> 2 | AG33: =Table1[[#This Row],[H]]+Table1[[#This Row],[BB]] -> 1 | AH33: =Table1[[#This Row],[H]]-Table1[[#This Row],[2B]]-Table1[[#This Row],[3B]]-Table1[[#This Row],[HR]] -> 1 | AI33: =IF(Table1[[#This Row],[Team_Game_Number]] >_xlfn.MAXIFS(Table1[Team_Game_Number],Table1[Team],Table1[[#This Row],[Team]]) - 5,1,0) -> 0 | AJ33: {=MATCH(Table1[[#This Row],[Game_ID]],_xlfn.UNIQUE(_xlfn._xlws.FILTER(Table1[Game_ID],Table1[Team]=Table1[[#This Row],[Team]])),0)} -> 1 | AK33: =IF(Table1[[#This Row],[Last5_Flag]]=1,1,0) -> 0 | AL33: =COUNTIFS( Table1[Player Name], Table1[[#This Row],[Player Name]], Table1[Position], Table1[[#This Row],[Position]] ) -> 1 | AM33: {=IFERROR( _xlfn.LET( _xlpm.player, Table1[[#This Row],[Player Name]], _xlpm.uPos, _xlfn.UNIQUE(_xlfn._xlws.FILTER(Table1[Position], Table1[Player Name]=_xlpm.player)), _xlpm.counts, _xlfn.MAP(_xlpm.uPos, _xlfn.LAMBDA(_xlpm.p, COUNTIFS(Table1[Player Name], _xlpm.player, Table1[Position], _xlpm.p))), INDEX(_xlpm.uPos, MATCH(MAX(_xlpm.counts), _xlpm.counts, 0)) ), "N/A")} -> DH
A34: =TEXT(Table1[[#This Row],[Date]],"yyyymmdd") & "_" & (LEFT(D34,3) & "_" & LEFT(E34,3) & "_" & (Table1[[#This Row],[Game_no.]])) -> 20260208_Emo_Gle_1 | B34: 46061 | C34: 1 | D34: Emory & Henry | E34: Glenville | F34: Glenville | G34: Emory & Henry | H34: A.Hicks | I34: =TRIM(SUBSTITUTE(Table1[[#This Row],[Player]], " ", "")) -> A.Hicks | J34: 1 | K34: 1 | L34: 0 | M34: 0 | N34: 0 | O34: 0 | P34: 0 | Q34: 0 | R34: 0 | S34: 0 | T34: 0 | U34: 0 | V34: =L34*1+P34*2+Q34*3+R34*4 -> 0 | W34: PR | Y34: 0 | AF34: =Table1[[#This Row],[AB]]+Table1[[#This Row],[BB]]+Table1[[#This Row],[SF]] -> 1 | AG34: =Table1[[#This Row],[H]]+Table1[[#This Row],[BB]] -> 0 | AH34: =Table1[[#This Row],[H]]-Table1[[#This Row],[2B]]-Table1[[#This Row],[3B]]-Table1[[#This Row],[HR]] -> 0 | AI34: =IF(Table1[[#This Row],[Team_Game_Number]] >_xlfn.MAXIFS(Table1[Team_Game_Number],Table1[Team],Table1[[#This Row],[Team]]) - 5,1,0) -> 0 | AJ34: {=MATCH(Table1[[#This Row],[Game_ID]],_xlfn.UNIQUE(_xlfn._xlws.FILTER(Table1[Game_ID],Table1[Team]=Table1[[#This Row],[Team]])),0)} -> 1 | AK34: =IF(Table1[[#This Row],[Last5_Flag]]=1,1,0) -> 0 | AL34: =COUNTIFS( Table1[Player Name], Table1[[#This Row],[Player Name]], Table1[Position], Table1[[#This Row],[Position]] ) -> 20 | AM34: {=IFERROR( _xlfn.LET( _xlpm.player, Table1[[#This Row],[Player Name]], _xlpm.uPos, _xlfn.UNIQUE(_xlfn._xlws.FILTER(Table1[Position], Table1[Player Name]=_xlpm.player)), _xlpm.counts, _xlfn.MAP(_xlpm.uPos, _xlfn.LAMBDA(_xlpm.p, COUNTIFS(Table1[Player Name], _xlpm.player, Table1[Position], _xlpm.p))), INDEX(_xlpm.uPos, MATCH(MAX(_xlpm.counts), _xlpm.counts, 0)) ), "N/A")} -> PR
A35: =TEXT(Table1[[#This Row],[Date]],"yyyymmdd") & "_" & (LEFT(D35,3) & "_" & LEFT(E35,3) & "_" & (Table1[[#This Row],[Game_no.]])) -> 20260208_Emo_Gle_1 | B35: 46061 | C35: 1 | D35: Emory & Henry | E35: Glenville | F35: Glenville | G35: Emory & Henry | H35: L.Burns | I35: =TRIM(SUBSTITUTE(Table1[[#This Row],[Player]], " ", "")) -> L.Burns | J35: 1 | K35: 1 | L35: 0 | M35: 0 | N35: 0 | O35: 0 | P35: 0 | Q35: 0 | R35: 0 | S35: 0 | T35: 0 | U35: 0 | V35: =L35*1+P35*2+Q35*3+R35*4 -> 0 | W35: RF | X35: 9 | Y35: 0 | AF35: =Table1[[#This Row],[AB]]+Table1[[#This Row],[BB]]+Table1[[#This Row],[SF]] -> 1 | AG35: =Table1[[#This Row],[H]]+Table1[[#This Row],[BB]] -> 0 | AH35: =Table1[[#This Row],[H]]-Table1[[#This Row],[2B]]-Table1[[#This Row],[3B]]-Table1[[#This Row],[HR]] -> 0 | AI35: =IF(Table1[[#This Row],[Team_Game_Number]] >_xlfn.MAXIFS(Table1[Team_Game_Number],Table1[Team],Table1[[#This Row],[Team]]) - 5,1,0) -> 0 | AJ35: {=MATCH(Table1[[#This Row],[Game_ID]],_xlfn.UNIQUE(_xlfn._xlws.FILTER(Table1[Game_ID],Table1[Team]=Table1[[#This Row],[Team]])),0)} -> 1 | AK35: =IF(Table1[[#This Row],[Last5_Flag]]=1,1,0) -> 0 | AL35: =COUNTIFS( Table1[Player Name], Table1[[#This Row],[Player Name]], Table1[Position], Table1[[#This Row],[Position]] ) -> 23 | AM35: {=IFERROR( _xlfn.LET( _xlpm.player, Table1[[#This Row],[Player Name]], _xlpm.uPos, _xlfn.UNIQUE(_xlfn._xlws.FILTER(Table1[Position], Table1[Player Name]=_xlpm.player)), _xlpm.counts, _xlfn.MAP(_xlpm.uPos, _xlfn.LAMBDA(_xlpm.p, COUNTIFS(Table1[Player Name], _xlpm.player, Table1[Position], _xlpm.p))), INDEX(_xlpm.uPos, MATCH(MAX(_xlpm.counts), _xlpm.counts, 0)) ), "N/A")} -> RF
A36: =TEXT(Table1[[#This Row],[Date]],"yyyymmdd") & "_" & (LEFT(D36,3) & "_" & LEFT(E36,3) & "_" & (Table1[[#This Row],[Game_no.]])) -> 20260208_Emo_Gle_1 | B36: 46061 | C36: 1 | D36: Emory & Henry | E36: Glenville | F36: Glenville | G36: Emory & Henry | H36: M.Duvall | I36: =TRIM(SUBSTITUTE(Table1[[#This Row],[Player]], " ", "")) -> M.Duvall | J36: 1 | K36: 0 | L36: 0 | M36: 0 | N36: 0 | O36: 1 | P36: 0 | Q36: 0 | R36: 0 | S36: 0 | T36: 0 | U36: 0 | V36: =L36*1+P36*2+Q36*3+R36*4 -> 0 | W36: PH | X36: 9 | Y36: 0 | AF36: =Table1[[#This Row],[AB]]+Table1[[#This Row],[BB]]+Table1[[#This Row],[SF]] -> 1 | AG36: =Table1[[#This Row],[H]]+Table1[[#This Row],[BB]] -> 0 | AH36: =Table1[[#This Row],[H]]-Table1[[#This Row],[2B]]-Table1[[#This Row],[3B]]-Table1[[#This Row],[HR]] -> 0 | AI36: =IF(Table1[[#This Row],[Team_Game_Number]] >_xlfn.MAXIFS(Table1[Team_Game_Number],Table1[Team],Table1[[#This Row],[Team]]) - 5,1,0) -> 0 | AJ36: {=MATCH(Table1[[#This Row],[Game_ID]],_xlfn.UNIQUE(_xlfn._xlws.FILTER(Table1[Game_ID],Table1[Team]=Table1[[#This Row],[Team]])),0)} -> 1 | AK36: =IF(Table1[[#This Row],[Last5_Flag]]=1,1,0) -> 0 | AL36: =COUNTIFS( Table1[Player Name], Table1[[#This Row],[Player Name]], Table1[Position], Table1[[#This Row],[Position]] ) -> 5 | AM36: {=IFERROR( _xlfn.LET( _xlpm.player, Table1[[#This Row],[Player Name]], _xlpm.uPos, _xlfn.UNIQUE(_xlfn._xlws.FILTER(Table1[Position], Table1[Player Name]=_xlpm.player)), _xlpm.counts, _xlfn.MAP(_xlpm.uPos, _xlfn.LAMBDA(_xlpm.p, COUNTIFS(Table1[Player Name], _xlpm.player, Table1[Position], _xlpm.p))), INDEX(_xlpm.uPos, MATCH(MAX(_xlpm.counts), _xlpm.counts, 0)) ), "N/A")} -> PR
A37: =TEXT(Table1[[#This Row],[Date]],"yyyymmdd") & "_" & (LEFT(D37,3) & "_" & LEFT(E37,3) & "_" & (Table1[[#This Row],[Game_no.]])) -> 20260208_Emo_Gle_1 | B37: 46061 | C37: 1 | D37: Emory & Henry | E37: Glenville | F37: Glenville | G37: Emory & Henry | H37: F.Yoho | I37: =TRIM(SUBSTITUTE(Table1[[#This Row],[Player]], " ", "")) -> F.Yoho | J37: 0 | K37: 0 | L37: 0 | M37: 0 | N37: 0 | O37: 0 | P37: 0 | Q37: 0 | R37: 0 | S37: 0 | T37: 0 | U37: 0 | V37: =L37*1+P37*2+Q37*3+R37*4 -> 0 | W37: PH | X37: 9 | Y37: 0 | AF37: =Table1[[#This Row],[AB]]+Table1[[#This Row],[BB]]+Table1[[#This Row],[SF]] -> 0 | AG37: =Table1[[#This Row],[H]]+Table1[[#This Row],[BB]] -> 0 | AH37: =Table1[[#This Row],[H]]-Table1[[#This Row],[2B]]-Table1[[#This Row],[3B]]-Table1[[#This Row],[HR]] -> 0 | AI37: =IF(Table1[[#This Row],[Team_Game_Number]] >_xlfn.MAXIFS(Table1[Team_Game_Number],Table1[Team],Table1[[#This Row],[Team]]) - 5,1,0) -> 0 | AJ37: {=MATCH(Table1[[#This Row],[Game_ID]],_xlfn.UNIQUE(_xlfn._xlws.FILTER(Table1[Game_ID],Table1[Team]=Table1[[#This Row],[Team]])),0)} -> 1 | AK37: =IF(Table1[[#This Row],[Last5_Flag]]=1,1,0) -> 0 | AL37: =COUNTIFS( Table1[Player Name], Table1[[#This Row],[Player Name]], Table1[Position], Table1[[#This Row],[Position]] ) -> 4 | AM37: {=IFERROR( _xlfn.LET( _xlpm.player, Table1[[#This Row],[Player Name]], _xlpm.uPos, _xlfn.UNIQUE(_xlfn._xlws.FILTER(Table1[Position], Table1[Player Name]=_xlpm.player)), _xlpm.counts, _xlfn.MAP(_xlpm.uPos, _xlfn.LAMBDA(_xlpm.p, COUNTIFS(Table1[Player Name], _xlpm.player, Table1[Position], _xlpm.p))), INDEX(_xlpm.uPos, MATCH(MAX(_xlpm.counts), _xlpm.counts, 0)) ), "N/A")} -> 1B
A38: =TEXT(Table1[[#This Row],[Date]],"yyyymmdd") & "_" & (LEFT(D38,3) & "_" & LEFT(E38,3) & "_" & (Table1[[#This Row],[Game_no.]])) -> 20260208_Emo_Gle_1 | B38: 46061 | C38: 1 | D38: Emory & Henry | E38: Glenville | F38: Glenville | G38: Emory & Henry | H38: A.Harward | I38: =TRIM(SUBSTITUTE(Table1[[#This Row],[Player]], " ", "")) -> A.Harward | J38: 0 | K38: 1 | L38: 0 | M38: 0 | N38: 0 | O38: 0 | P38: 0 | Q38: 0 | R38: 0 | S38: 0 | T38: 0 | U38: 0 | V38: =L38*1+P38*2+Q38*3+R38*4 -> 0 | W38: PR | Y38: 0 | AF38: =Table1[[#This Row],[AB]]+Table1[[#This Row],[BB]]+Table1[[#This Row],[SF]] -> 0 | AG38: =Table1[[#This Row],[H]]+Table1[[#This Row],[BB]] -> 0 | AH38: =Table1[[#This Row],[H]]-Table1[[#This Row],[2B]]-Table1[[#This Row],[3B]]-Table1[[#This Row],[HR]] -> 0 | AI38: =IF(Table1[[#This Row],[Team_Game_Number]] >_xlfn.MAXIFS(Table1[Team_Game_Number],Table1[Team],Table1[[#This Row],[Team]]) - 5,1,0) -> 0 | AJ38: {=MATCH(Table1[[#This Row],[Game_ID]],_xlfn.UNIQUE(_xlfn._xlws.FILTER(Table1[Game_ID],Table1[Team]=Table1[[#This Row],[Team]])),0)} -> 1 | AK38: =IF(Table1[[#This Row],[Last5_Flag]]=1,1,0) -> 0 | AL38: =COUNTIFS( Table1[Player Name], Table1[[#This Row],[Player Name]], Table1[Position], Table1[[#This Row],[Position]] ) -> 1 | AM38: {=IFERROR( _xlfn.LET( _xlpm.player, Table1[[#This Row],[Player Name]], _xlpm.uPos, _xlfn.UNIQUE(_xlfn._xlws.FILTER(Table1[Position], Table1[Player Name]=_xlpm.player)), _xlpm.counts, _xlfn.MAP(_xlpm.uPos, _xlfn.LAMBDA(_xlpm.p, COUNTIFS(Table1[Player Name], _xlpm.player, Table1[Position], _xlpm.p))), INDEX(_xlpm.uPos, MATCH(MAX(_xlpm.counts), _xlpm.counts, 0)) ), "N/A")} -> RF
A39: =TEXT(Table1[[#This Row],[Date]],"yyyymmdd") & "_" & (LEFT(D39,3) & "_" & LEFT(E39,3) & "_" & (Table1[[#This Row],[Game_no.]])) -> 20260208_Emo_Gle_1 | B39: 46061 | C39: 1 | D39: Emory & Henry | E39: Glenville | F39: Glenville | G39: Emory & Henry | H39: Ky.Burdick | I39: =TRIM(SUBSTITUTE(Table1[[#This Row],[Player]], " ", "")) -> Ky.Burdick | J39: 0 | K39: 0 | L39: 0 | M39: 0 | N39: 0 | O39: 0 | P39: 0 | Q39: 0 | R39: 0 | S39: 0 | T39: 0 | U39: 0 | V39: =L39*1+P39*2+Q39*3+R39*4 -> 0 | W39: P | Y39: 0 | Z39: 5 | AA39: 5 | AB39: 0 | AC39: 0 | AD39: 0 | AE39: 1 | AF39: =Table1[[#This Row],[AB]]+Table1[[#This Row],[BB]]+Table1[[#This Row],[SF]] -> 0 | AG39: =Table1[[#This Row],[H]]+Table1[[#This Row],[BB]] -> 0 | AH39: =Table1[[#This Row],[H]]-Table1[[#This Row],[2B]]-Table1[[#This Row],[3B]]-Table1[[#This Row],[HR]] -> 0 | AI39: =IF(Table1[[#This Row],[Team_Game_Number]] >_xlfn.MAXIFS(Table1[Team_Game_Number],Table1[Team],Table1[[#This Row],[Team]]) - 5,1,0) -> 0 | AJ39: {=MATCH(Table1[[#This Row],[Game_ID]],_xlfn.UNIQUE(_xlfn._xlws.FILTER(Table1[Game_ID],Table1[Team]=Table1[[#This Row],[Team]])),0)} -> 1 | AK39: =IF(Table1[[#This Row],[Last5_Flag]]=1,1,0) -> 0 | AL39: =COUNTIFS( Table1[Player Name], Table1[[#This Row],[Player Name]], Table1[Position], Table1[[#This Row],[Position]] ) -> 16 | AM39: {=IFERROR( _xlfn.LET( _xlpm.player, Table1[[#This Row],[Player Name]], _xlpm.uPos, _xlfn.UNIQUE(_xlfn._xlws.FILTER(Table1[Position], Table1[Player Name]=_xlpm.player)), _xlpm.counts, _xlfn.MAP(_xlpm.uPos, _xlfn.LAMBDA(_xlpm.p, COUNTIFS(Table1[Player Name], _xlpm.player, Table1[Position], _xlpm.p))), INDEX(_xlpm.uPos, MATCH(MAX(_xlpm.counts), _xlpm.counts, 0)) ), "N/A")} -> P
A40: =TEXT(Table1[[#This Row],[Date]],"yyyymmdd") & "_" & (LEFT(D40,3) & "_" & LEFT(E40,3) & "_" & (Table1[[#This Row],[Game_no.]])) -> 20260208_Car_Gle_1 | B40: 46061 | C40: 1 | D40: Carson-Newman | E40: Glenville | F40: Glenville | G40: Carson-Newman | H40: K.Goodman | I40: =TRIM(SUBSTITUTE(Table1[[#This Row],[Player]], " ", "")) -> K.Goodman | J40: 3 | K40: 0 | L40: 1 | M40: 0 | N40: 0 | O40: 0 | P40: 0 | Q40: 0 | R40: 0 | S40: 0 | T40: 0 | U40: 0 | V40: =L40*1+P40*2+Q40*3+R40*4 -> 1 | W40: 3B | X40: 1 | Y40: 0 | AF40: =Table1[[#This Row],[AB]]+Table1[[#This Row],[BB]]+Table1[[#This Row],[SF]] -> 3 | AG40: =Table1[[#This Row],[H]]+Table1[[#This Row],[BB]] -> 1 | AH40: =Table1[[#This Row],[H]]-Table1[[#This Row],[2B]]-Table1[[#This Row],[3B]]-Table1[[#This Row],[HR]] -> 1 | AI40: =IF(Table1[[#This Row],[Team_Game_Number]] >_xlfn.MAXIFS(Table1[Team_Game_Number],Table1[Team],Table1[[#This Row],[Team]]) - 5,1,0) -> 0 | AJ40: {=MATCH(Table1[[#This Row],[Game_ID]],_xlfn.UNIQUE(_xlfn._xlws.FILTER(Table1[Game_ID],Table1[Team]=Table1[[#This Row],[Team]])),0)} -> 2 | AK40: =IF(Table1[[#This Row],[Last5_Flag]]=1,1,0) -> 0 | AL40: =COUNTIFS( Table1[Player Name], Table1[[#This Row],[Player Name]], Table1[Position], Table1[[#This Row],[Position]] ) -> 13 | AM40: {=IFERROR( _xlfn.LET( _xlpm.player, Table1[[#This Row],[Player Name]], _xlpm.uPos, _xlfn.UNIQUE(_xlfn._xlws.FILTER(Table1[Position], Table1[Player Name]=_xlpm.player)), _xlpm.counts, _xlfn.MAP(_xlpm.uPos, _xlfn.LAMBDA(_xlpm.p, COUNTIFS(Table1[Player Name], _xlpm.player, Table1[Position], _xlpm.p))), INDEX(_xlpm.uPos, MATCH(MAX(_xlpm.counts), _xlpm.counts, 0)) ), "N/A")} -> 3B
A41: =TEXT(Table1[[#This Row],[Date]],"yyyymmdd") & "_" & (LEFT(D41,3) & "_" & LEFT(E41,3) & "_" & (Table1[[#This Row],[Game_no.]])) -> 20260208_Car_Gle_1 | B41: 46061 | C41: 1 | D41: Carson-Newman | E41: Glenville | F41: Glenville | G41: Carson-Newman | H41: S.McDaniels | I41: =TRIM(SUBSTITUTE(Table1[[#This Row],[Player]], " ", "")) -> S.McDaniels | J41: 3 | K41: 0 | L41: 2 | M41: 1 | N41: 1 | O41: 0 | P41: 0 | Q41: 0 | R41: 0 | S41: 0 | T41: 0 | U41: 0 | V41: =L41*1+P41*2+Q41*3+R41*4 -> 2 | W41: LF | X41: 2 | Y41: 0 | AF41: =Table1[[#This Row],[AB]]+Table1[[#This Row],[BB]]+Table1[[#This Row],[SF]] -> 4 | AG41: =Table1[[#This Row],[H]]+Table1[[#This Row],[BB]] -> 3 | AH41: =Table1[[#This Row],[H]]-Table1[[#This Row],[2B]]-Table1[[#This Row],[3B]]-Table1[[#This Row],[HR]] -> 2 | AI41: =IF(Table1[[#This Row],[Team_Game_Number]] >_xlfn.MAXIFS(Table1[Team_Game_Number],Table1[Team],Table1[[#This Row],[Team]]) - 5,1,0) -> 0 | AJ41: {=MATCH(Table1[[#This Row],[Game_ID]],_xlfn.UNIQUE(_xlfn._xlws.FILTER(Table1[Game_ID],Table1[Team]=Table1[[#This Row],[Team]])),0)} -> 2 | AK41: =IF(Table1[[#This Row],[Last5_Flag]]=1,1,0) -> 0 | AL41: =COUNTIFS( Table1[Player Name], Table1[[#This Row],[Player Name]], Table1[Position], Table1[[#This Row],[Position]] ) -> 30 | AM41: {=IFERROR( _xlfn.LET( _xlpm.player, Table1[[#This Row],[Player Name]], _xlpm.uPos, _xlfn.UNIQUE(_xlfn._xlws.FILTER(Table1[Position], Table1[Player Name]=_xlpm.player)), _xlpm.counts, _xlfn.MAP(_xlpm.uPos, _xlfn.LAMBDA(_xlpm.p, COUNTIFS(Table1[Player Name], _xlpm.player, Table1[Position], _xlpm.p))), INDEX(_xlpm.uPos, MATCH(MAX(_xlpm.counts), _xlpm.counts, 0)) ), "N/A")} -> LF
A42: =TEXT(Table1[[#This Row],[Date]],"yyyymmdd") & "_" & (LEFT(D42,3) & "_" & LEFT(E42,3) & "_" & (Table1[[#This Row],[Game_no.]])) -> 20260208_Car_Gle_1 | B42: 46061 | C42: 1 | D42: Carson-Newman | E42: Glenville | F42: Glenville | G42: Carson-Newman | H42: D.Warnick | I42: =TRIM(SUBSTITUTE(Table1[[#This Row],[Player]], " ", "")) -> D.Warnick | J42: 3 | K42: 0 | L42: 2 | M42: 0 | N42: 0 | O42: 1 | P42: 0 | Q42: 0 | R42: 0 | S42: 0 | T42: 0 | U42: 0 | V42: =L42*1+P42*2+Q42*3+R42*4 -> 2 | W42: SS | X42: 3 | Y42: 0 | AF42: =Table1[[#This Row],[AB]]+Table1[[#This Row],[BB]]+Table1[[#This Row],[SF]] -> 3 | AG42: =Table1[[#This Row],[H]]+Table1[[#This Row],[BB]] -> 2 | AH42: =Table1[[#This Row],[H]]-Table1[[#This Row],[2B]]-Table1[[#This Row],[3B]]-Table1[[#This Row],[HR]] -> 2 | AI42: =IF(Table1[[#This Row],[Team_Game_Number]] >_xlfn.MAXIFS(Table1[Team_Game_Number],Table1[Team],Table1[[#This Row],[Team]]) - 5,1,0) -> 0 | AJ42: {=MATCH(Table1[[#This Row],[Game_ID]],_xlfn.UNIQUE(_xlfn._xlws.FILTER(Table1[Game_ID],Table1[Team]=Table1[[#This Row],[Team]])),0)} -> 2 | AK42: =IF(Table1[[#This Row],[Last5_Flag]]=1,1,0) -> 0 | AL42: =COUNTIFS( Table1[Player Name], Table1[[#This Row],[Player Name]], Table1[Position], Table1[[#This Row],[Position]] ) -> 30 | AM42: {=IFERROR( _xlfn.LET( _xlpm.player, Table1[[#This Row],[Player Name]], _xlpm.uPos, _xlfn.UNIQUE(_xlfn._xlws.FILTER(Table1[Position], Table1[Player Name]=_xlpm.player)), _xlpm.counts, _xlfn.MAP(_xlpm.uPos, _xlfn.LAMBDA(_xlpm.p, COUNTIFS(Table1[Player Name], _xlpm.player, Table1[Position], _xlpm.p))), INDEX(_xlpm.uPos, MATCH(MAX(_xlpm.counts), _xlpm.counts, 0)) ), "N/A")} -> SS
A43: =TEXT(Table1[[#This Row],[Date]],"yyyymmdd") & "_" & (LEFT(D43,3) & "_" & LEFT(E43,3) & "_" & (Table1[[#This Row],[Game_no.]])) -> 20260208_Car_Gle_1 | B43: 46061 | C43: 1 | D43: Carson-Newman | E43: Glenville | F43: Glenville | G43: Carson-Newman | H43: Z.Seda | I43: =TRIM(SUBSTITUTE(Table1[[#This Row],[Player]], " ", "")) -> Z.Seda | J43: 3 | K43: 0 | L43: 1 | M43: 0 | N43: 0 | O43: 0 | P43: 0 | Q43: 0 | R43: 0 | S43: 0 | T43: 0 | U43: 0 | V43: =L43*1+P43*2+Q43*3+R43*4 -> 1 | W43: 2B | X43: 4 | Y43: 0 | AF43: =Table1[[#This Row],[AB]]+Table1[[#This Row],[BB]]+Table1[[#This Row],[SF]] -> 3 | AG43: =Table1[[#This Row],[H]]+Table1[[#This Row],[BB]] -> 1 | AH43: =Table1[[#This Row],[H]]-Table1[[#This Row],[2B]]-Table1[[#This Row],[3B]]-Table1[[#This Row],[HR]] -> 1 | AI43: =IF(Table1[[#This Row],[Team_Game_Number]] >_xlfn.MAXIFS(Table1[Team_Game_Number],Table1[Team],Table1[[#This Row],[Team]]) - 5,1,0) -> 0 | AJ43: {=MATCH(Table1[[#This Row],[Game_ID]],_xlfn.UNIQUE(_xlfn._xlws.FILTER(Table1[Game_ID],Table1[Team]=Table1[[#This Row],[Team]])),0)} -> 2 | AK43: =IF(Table1[[#This Row],[Last5_Flag]]=1,1,0) -> 0 | AL43: =COUNTIFS( Table1[Player Name], Table1[[#This Row],[Player Name]], Table1[Position], Table1[[#This Row],[Position]] ) -> 30 | AM43: {=IFERROR( _xlfn.LET( _xlpm.player, Table1[[#This Row],[Player Name]], _xlpm.uPos, _xlfn.UNIQUE(_xlfn._xlws.FILTER(Table1[Position], Table1[Player Name]=_xlpm.player)), _xlpm.counts, _xlfn.MAP(_xlpm.uPos, _xlfn.LAMBDA(_xlpm.p, COUNTIFS(Table1[Player Name], _xlpm.player, Table1[Position], _xlpm.p))), INDEX(_xlpm.uPos, MATCH(MAX(_xlpm.counts), _xlpm.counts, 0)) ), "N/A")} -> 2B
A44: =TEXT(Table1[[#This Row],[Date]],"yyyymmdd") & "_" & (LEFT(D44,3) & "_" & LEFT(E44,3) & "_" & (Table1[[#This Row],[Game_no.]])) -> 20260208_Car_Gle_1 | B44: 46061 | C44: 1 | D44: Carson-Newman | E44: Glenville | F44: Glenville | G44: Carson-Newman | H44: H.Howe | I44: =TRIM(SUBSTITUTE(Table1[[#This Row],[Player]], " ", "")) -> H.Howe | J44: 2 | K44: 0 | L44: 0 | M44: 0 | N44: 1 | O44: 0 | P44: 0 | Q44: 0 | R44: 0 | S44: 0 | T44: 0 | U44: 0 | V44: =L44*1+P44*2+Q44*3+R44*4 -> 0 | W44: 1B | X44: 5 | Y44: 0 | AF44: =Table1[[#This Row],[AB]]+Table1[[#This Row],[BB]]+Table1[[#This Row],[SF]] -> 3 | AG44: =Table1[[#This Row],[H]]+Table1[[#This Row],[BB]] -> 1 | AH44: =Table1[[#This Row],[H]]-Table1[[#This Row],[2B]]-Table1[[#This Row],[3B]]-Table1[[#This Row],[HR]] -> 0 | AI44: =IF(Table1[[#This Row],[Team_Game_Number]] >_xlfn.MAXIFS(Table1[Team_Game_Number],Table1[Team],Table1[[#This Row],[Team]]) - 5,1,0) -> 0 | AJ44: {=MATCH(Table1[[#This Row],[Game_ID]],_xlfn.UNIQUE(_xlfn._xlws.FILTER(Table1[Game_ID],Table1[Team]=Table1[[#This Row],[Team]])),0)} -> 2 | AK44: =IF(Table1[[#This Row],[Last5_Flag]]=1,1,0) -> 0 | AL44: =COUNTIFS( Table1[Player Name], Table1[[#This Row],[Player Name]], Table1[Position], Table1[[#This Row],[Position]] ) -> 19 | AM44: {=IFERROR( _xlfn.LET( _xlpm.player, Table1[[#This Row],[Player Name]], _xlpm.uPos, _xlfn.UNIQUE(_xlfn._xlws.FILTER(Table1[Position], Table1[Player Name]=_xlpm.player)), _xlpm.counts, _xlfn.MAP(_xlpm.uPos, _xlfn.LAMBDA(_xlpm.p, COUNTIFS(Table1[Player Name], _xlpm.player, Table1[Position], _xlpm.p))), INDEX(_xlpm.uPos, MATCH(MAX(_xlpm.counts), _xlpm.counts, 0)) ), "N/A")} -> 1B
A45: =TEXT(Table1[[#This Row],[Date]],"yyyymmdd") & "_" & (LEFT(D45,3) & "_" & LEFT(E45,3) & "_" & (Table1[[#This Row],[Game_no.]])) -> 20260208_Car_Gle_1 | B45: 46061 | C45: 1 | D45: Carson-Newman | E45: Glenville | F45: Glenville | G45: Carson-Newman | H45: E.Nolan | I45: =TRIM(SUBSTITUTE(Table1[[#This Row],[Player]], " ", "")) -> E.Nolan | J45: 1 | K45: 0 | L45: 0 | M45: 0 | N45: 0 | O45: 0 | P45: 0 | Q45: 0 | R45: 0 | S45: 0 | T45: 0 | U45: 0 | V45: =L45*1+P45*2+Q45*3+R45*4 -> 0 | W45: C | X45: 6 | Y45: 0 | AF45: =Table1[[#This Row],[AB]]+Table1[[#This Row],[BB]]+Table1[[#This Row],[SF]] -> 1 | AG45: =Table1[[#This Row],[H]]+Table1[[#This Row],[BB]] -> 0 | AH45: =Table1[[#This Row],[H]]-Table1[[#This Row],[2B]]-Table1[[#This Row],[3B]]-Table1[[#This Row],[HR]] -> 0 | AI45: =IF(Table1[[#This Row],[Team_Game_Number]] >_xlfn.MAXIFS(Table1[Team_Game_Number],Table1[Team],Table1[[#This Row],[Team]]) - 5,1,0) -> 0 | AJ45: {=MATCH(Table1[[#This Row],[Game_ID]],_xlfn.UNIQUE(_xlfn._xlws.FILTER(Table1[Game_ID],Table1[Team]=Table1[[#This Row],[Team]])),0)} -> 2 | AK45: =IF(Table1[[#This Row],[Last5_Flag]]=1,1,0) -> 0 | AL45: =COUNTIFS( Table1[Player Name], Table1[[#This Row],[Player Name]], Table1[Position], Table1[[#This Row],[Position]] ) -> 25 | AM45: {=IFERROR( _xlfn.LET( _xlpm.player, Table1[[#This Row],[Player Name]], _xlpm.uPos, _xlfn.UNIQUE(_xlfn._xlws.FILTER(Table1[Position], Table1[Player Name]=_xlpm.player)), _xlpm.counts, _xlfn.MAP(_xlpm.uPos, _xlfn.LAMBDA(_xlpm.p, COUNTIFS(Table1[Player Name], _xlpm.player, Table1[Position], _xlpm.p))), INDEX(_xlpm.uPos, MATCH(MAX(_xlpm.counts), _xlpm.counts, 0)) ), "N/A")} -> C
A46: =TEXT(Table1[[#This Row],[Date]],"yyyymmdd") & "_" & (LEFT(D46,3) & "_" & LEFT(E46,3) & "_" & (Table1[[#This Row],[Game_no.]])) -> 20260208_Car_Gle_1 | B46: 46061 | C46: 1 | D46: Carson-Newman | E46: Glenville | F46: Glenville | G46: Carson-Newman | H46: H.Smith | I46: =TRIM(SUBSTITUTE(Table1[[#This Row],[Player]], " ", "")) -> H.Smith | J46: 2 | K46: 0 | L46: 0 | M46: 0 | N46: 0 | O46: 1 | P46: 0 | Q46: 0 | R46: 0 | S46: 0 | T46: 0 | U46: 0 | V46: =L46*1+P46*2+Q46*3+R46*4 -> 0 | W46: PH | X46: 6 | Y46: 0 | AF46: =Table1[[#This Row],[AB]]+Table1[[#This Row],[BB]]+Table1[[#This Row],[SF]] -> 2 | AG46: =Table1[[#This Row],[H]]+Table1[[#This Row],[BB]] -> 0 | AH46: =Table1[[#This Row],[H]]-Table1[[#This Row],[2B]]-Table1[[#This Row],[3B]]-Table1[[#This Row],[HR]] -> 0 | AI46: =IF(Table1[[#This Row],[Team_Game_Number]] >_xlfn.MAXIFS(Table1[Team_Game_Number],Table1[Team],Table1[[#This Row],[Team]]) - 5,1,0) -> 0 | AJ46: {=MATCH(Table1[[#This Row],[Game_ID]],_xlfn.UNIQUE(_xlfn._xlws.FILTER(Table1[Game_ID],Table1[Team]=Table1[[#This Row],[Team]])),0)} -> 2 | AK46: =IF(Table1[[#This Row],[Last5_Flag]]=1,1,0) -> 0 | AL46: =COUNTIFS( Table1[Player Name], Table1[[#This Row],[Player Name]], Table1[Position], Table1[[#This Row],[Position]] ) -> 2 | AM46: {=IFERROR( _xlfn.LET( _xlpm.player, Table1[[#This Row],[Player Name]], _xlpm.uPos, _xlfn.UNIQUE(_xlfn._xlws.FILTER(Table1[Position], Table1[Player Name]=_xlpm.player)), _xlpm.counts, _xlfn.MAP(_xlpm.uPos, _xlfn.LAMBDA(_xlpm.p, COUNTIFS(Table1[Player Name], _xlpm.player, Table1[Position], _xlpm.p))), INDEX(_xlpm.uPos, MATCH(MAX(_xlpm.counts), _xlpm.counts, 0)) ), "N/A")} -> C
A47: =TEXT(Table1[[#This Row],[Date]],"yyyymmdd") & "_" & (LEFT(D47,3) & "_" & LEFT(E47,3) & "_" & (Table1[[#This Row],[Game_no.]])) -> 20260208_Car_Gle_1 | B47: 46061 | C47: 1 | D47: Carson-Newman | E47: Glenville | F47: Glenville | G47: Carson-Newman | H47: E.McLean | I47: =TRIM(SUBSTITUTE(Table1[[#This Row],[Player]], " ", "")) -> E.McLean | J47: 3 | K47: 0 | L47: 0 | M47: 0 | N47: 0 | O47: 0 | P47: 0 | Q47: 0 | R47: 0 | S47: 0 | T47: 0 | U47: 0 | V47: =L47*1+P47*2+Q47*3+R47*4 -> 0 | W47: CF | X47: 7 | Y47: 0 | AF47: =Table1[[#This Row],[AB]]+Table1[[#This Row],[BB]]+Table1[[#This Row],[SF]] -> 3 | AG47: =Table1[[#This Row],[H]]+Table1[[#This Row],[BB]] -> 0 | AH47: =Table1[[#This Row],[H]]-Table1[[#This Row],[2B]]-Table1[[#This Row],[3B]]-Table1[[#This Row],[HR]] -> 0 | AI47: =IF(Table1[[#This Row],[Team_Game_Number]] >_xlfn.MAXIFS(Table1[Team_Game_Number],Table1[Team],Table1[[#This Row],[Team]]) - 5,1,0) -> 0 | AJ47: {=MATCH(Table1[[#This Row],[Game_ID]],_xlfn.UNIQUE(_xlfn._xlws.FILTER(Table1[Game_ID],Table1[Team]=Table1[[#This Row],[Team]])),0)} -> 2 | AK47: =IF(Table1[[#This Row],[Last5_Flag]]=1,1,0) -> 0 | AL47: =COUNTIFS( Table1[Player Name], Table1[[#This Row],[Player Name]], Table1[Position], Table1[[#This Row],[Position]] ) -> 30 | AM47: {=IFERROR( _xlfn.LET( _xlpm.player, Table1[[#This Row],[Player Name]], _xlpm.uPos, _xlfn.UNIQUE(_xlfn._xlws.FILTER(Table1[Position], Table1[Player Name]=_xlpm.player)), _xlpm.counts, _xlfn.MAP(_xlpm.uPos, _xlfn.LAMBDA(_xlpm.p, COUNTIFS(Table1[Player Name], _xlpm.player, Table1[Position], _xlpm.p))), INDEX(_xlpm.uPos, MATCH(MAX(_xlpm.counts), _xlpm.counts, 0)) ), "N/A")} -> CF
A48: =TEXT(Table1[[#This Row],[Date]],"yyyymmdd") & "_" & (LEFT(D48,3) & "_" & LEFT(E48,3) & "_" & (Table1[[#This Row],[Game_no.]])) -> 20260208_Car_Gle_1 | B48: 46061 | C48: 1 | D48: Carson-Newman | E48: Glenville | F48: Glenville | G48: Carson-Newman | H48: A.Howard | I48: =TRIM(SUBSTITUTE(Table1[[#This Row],[Player]], " ", "")) -> A.Howard | J48: 3 | K48: 0 | L48: 0 | M48: 0 | N48: 0 | O48: 0 | P48: 0 | Q48: 0 | R48: 0 | S48: 0 | T48: 0 | U48: 0 | V48: =L48*1+P48*2+Q48*3+R48*4 -> 0 | W48: DP | X48: 8 | Y48: 0 | Z48: 4.667 | AA48: 3 | AB48: 1 | AC48: 1 | AD48: 1 | AE48: 4 | AF48: =Table1[[#This Row],[AB]]+Table1[[#This Row],[BB]]+Table1[[#This Row],[SF]] -> 3 | AG48: =Table1[[#This Row],[H]]+Table1[[#This Row],[BB]] -> 0 | AH48: =Table1[[#This Row],[H]]-Table1[[#This Row],[2B]]-Table1[[#This Row],[3B]]-Table1[[#This Row],[HR]] -> 0 | AI48: =IF(Table1[[#This Row],[Team_Game_Number]] >_xlfn.MAXIFS(Table1[Team_Game_Number],Table1[Team],Table1[[#This Row],[Team]]) - 5,1,0) -> 0 | AJ48: {=MATCH(Table1[[#This Row],[Game_ID]],_xlfn.UNIQUE(_xlfn._xlws.FILTER(Table1[Game_ID],Table1[Team]=Table1[[#This Row],[Team]])),0)} -> 2 | AK48: =IF(Table1[[#This Row],[Last5_Flag]]=1,1,0) -> 0 | AL48: =COUNTIFS( Table1[Player Name], Table1[[#This Row],[Player Name]], Table1[Position], Table1[[#This Row],[Position]] ) -> 2 | AM48: {=IFERROR( _xlfn.LET( _xlpm.player, Table1[[#This Row],[Player Name]], _xlpm.uPos, _xlfn.UNIQUE(_xlfn._xlws.FILTER(Table1[Position], Table1[Player Name]=_xlpm.player)), _xlpm.counts, _xlfn.MAP(_xlpm.uPos, _xlfn.LAMBDA(_xlpm.p, COUNTIFS(Table1[Player Name], _xlpm.player, Table1[Position], _xlpm.p))), INDEX(_xlpm.uPos, MATCH(MAX(_xlpm.counts), _xlpm.counts, 0)) ), "N/A")} -> DH
A49: =TEXT(Table1[[#This Row],[Date]],"yyyymmdd") & "_" & (LEFT(D49,3) & "_" & LEFT(E49,3) & "_" & (Table1[[#This Row],[Game_no.]])) -> 20260208_Car_Gle_1 | B49: 46061 | C49: 1 | D49: Carson-Newman | E49: Glenville | F49: Glenville | G49: Carson-Newman | H49: L.Burns | I49: =TRIM(SUBSTITUTE(Table1[[#This Row],[Player]], " ", "")) -> L.Burns | J49: 3 | K49: 1 | L49: 1 | M49: 0 | N49: 0 | O49: 0 | P49: 0 | Q49: 0 | R49: 0 | S49: 0 | T49: 0 | U49: 0 | V49: =L49*1+P49*2+Q49*3+R49*4 -> 1 | W49: RF | X49: 9 | Y49: 0 | AF49: =Table1[[#This Row],[AB]]+Table1[[#This Row],[BB]]+Table1[[#This Row],[SF]] -> 3 | AG49: =Table1[[#This Row],[H]]+Table1[[#This Row],[BB]] -> 1 | AH49: =Table1[[#This Row],[H]]-Table1[[#This Row],[2B]]-Table1[[#This Row],[3B]]-Table1[[#This Row],[HR]] -> 1 | AI49: =IF(Table1[[#This Row],[Team_Game_Number]] >_xlfn.MAXIFS(Table1[Team_Game_Number],Table1[Team],Table1[[#This Row],[Team]]) - 5,1,0) -> 0 | AJ49: {=MATCH(Table1[[#This Row],[Game_ID]],_xlfn.UNIQUE(_xlfn._xlws.FILTER(Table1[Game_ID],Table1[Team]=Table1[[#This Row],[Team]])),0)} -> 2 | AK49: =IF(Table1[[#This Row],[Last5_Flag]]=1,1,0) -> 0 | AL49: =COUNTIFS( Table1[Player Name], Table1[[#This Row],[Player Name]], Table1[Position], Table1[[#This Row],[Position]] ) -> 23 | AM49: {=IFERROR( _xlfn.LET( _xlpm.player, Table1[[#This Row],[Player Name]], _xlpm.uPos, _xlfn.UNIQUE(_xlfn._xlws.FILTER(Table1[Position], Table1[Player Name]=_xlpm.player)), _xlpm.counts, _xlfn.MAP(_xlpm.uPos, _xlfn.LAMBDA(_xlpm.p, COUNTIFS(Table1[Player Name], _xlpm.player, Table1[Position], _xlpm.p))), INDEX(_xlpm.uPos, MATCH(MAX(_xlpm.counts), _xlpm.counts, 0)) ), "N/A")} -> RF
A50: =TEXT(Table1[[#This Row],[Date]],"yyyymmdd") & "_" & (LEFT(D50,3) & "_" & LEFT(E50,3) & "_" & (Table1[[#This Row],[Game_no.]])) -> 20260208_Car_Gle_1 | B50: 46061 | C50: 1 | D50: Carson-Newman | E50: Glenville | F50: Glenville | G50: Carson-Newman | H50: M.Stump | I50: =TRIM(SUBSTITUTE(Table1[[#This Row],[Player]], " ", "")) -> M.Stump | J50: 0 | K50: 0 | L50: 0 | M50: 0 | N50: 0 | O50: 0 | P50: 0 | Q50: 0 | R50: 0 | S50: 0 | T50: 0 | U50: 0 | V50: =L50*1+P50*2+Q50*3+R50*4 -> 0 | W50: P | Y50: 0 | Z50: 2.333 | AA50: 3 | AB50: 1 | AC50: 1 | AD50: 2 | AE50: 0 | AF50: =Table1[[#This Row],[AB]]+Table1[[#This Row],[BB]]+Table1[[#This Row],[SF]] -> 0 | AG50: =Table1[[#This Row],[H]]+Table1[[#This Row],[BB]] -> 0 | AH50: =Table1[[#This Row],[H]]-Table1[[#This Row],[2B]]-Table1[[#This Row],[3B]]-Table1[[#This Row],[HR]] -> 0 | AI50: =IF(Table1[[#This Row],[Team_Game_Number]] >_xlfn.MAXIFS(Table1[Team_Game_Number],Table1[Team],Table1[[#This Row],[Team]]) - 5,1,0) -> 0 | AJ50: {=MATCH(Table1[[#This Row],[Game_ID]],_xlfn.UNIQUE(_xlfn._xlws.FILTER(Table1[Game_ID],Table1[Team]=Table1[[#This Row],[Team]])),0)} -> 2 | AK50: =IF(Table1[[#This Row],[Last5_Flag]]=1,1,0) -> 0 | AL50: =COUNTIFS( Table1[Player Name], Table1[[#This Row],[Player Name]], Table1[Position], Table1[[#This Row],[Position]] ) -> 11 | AM50: {=IFERROR( _xlfn.LET( _xlpm.player, Table1[[#This Row],[Player Name]], _xlpm.uPos, _xlfn.UNIQUE(_xlfn._xlws.FILTER(Table1[Position], Table1[Player Name]=_xlpm.player)), _xlpm.counts, _xlfn.MAP(_xlpm.uPos, _xlfn.LAMBDA(_xlpm.p, COUNTIFS(Table1[Player Name], _xlpm.player, Table1[Position], _xlpm.p))), INDEX(_xlpm.uPos, MATCH(MAX(_xlpm.counts), _xlpm.counts, 0)) ), "N/A")} -> P
A51: =TEXT(Table1[[#This Row],[Date]],"yyyymmdd") & "_" & (LEFT(D51,3) & "_" & LEFT(E51,3) & "_" & (Table1[[#This Row],[Game_no.]])) -> 20260208_Lin_D&E_1 | B51: 46061 | C51: 1 | D51: Lincoln Memorial | E51: D&E | F51: D&E | G51: Lincoln Memorial | H51: A.Haynes | I51: =TRIM(SUBSTITUTE(Table1[[#This Row],[Player]], " ", "")) -> A.Haynes | J51: 2 | K51: 2 | L51: 1 | M51: 0 | N51: 1 | O51: 0 | P51: 0 | Q51: 0 | R51: 0 | S51: 0 | T51: 0 | U51: 0 | V51: =L51*1+P51*2+Q51*3+R51*4 -> 1 | W51: LF | X51: 1 | Y51: 0 | AF51: =Table1[[#This Row],[AB]]+Table1[[#This Row],[BB]]+Table1[[#This Row],[SF]] -> 3 | AG51: =Table1[[#This Row],[H]]+Table1[[#This Row],[BB]] -> 2 | AH51: =Table1[[#This Row],[H]]-Table1[[#This Row],[2B]]-Table1[[#This Row],[3B]]-Table1[[#This Row],[HR]] -> 1 | AI51: =IF(Table1[[#This Row],[Team_Game_Number]] >_xlfn.MAXIFS(Table1[Team_Game_Number],Table1[Team],Table1[[#This Row],[Team]]) - 5,1,0) -> 0 | AJ51: {=MATCH(Table1[[#This Row],[Game_ID]],_xlfn.UNIQUE(_xlfn._xlws.FILTER(Table1[Game_ID],Table1[Team]=Table1[[#This Row],[Team]])),0)} -> 3 | AK51: =IF(Table1[[#This Row],[Last5_Flag]]=1,1,0) -> 0 | AL51: =COUNTIFS( Table1[Player Name], Table1[[#This Row],[Player Name]], Table1[Position], Table1[[#This Row],[Position]] ) -> 17 | AM51: {=IFERROR( _xlfn.LET( _xlpm.player, Table1[[#This Row],[Player Name]], _xlpm.uPos, _xlfn.UNIQUE(_xlfn._xlws.FILTER(Table1[Position], Table1[Player Name]=_xlpm.player)), _xlpm.counts, _xlfn.MAP(_xlpm.uPos, _xlfn.LAMBDA(_xlpm.p, COUNTIFS(Table1[Player Name], _xlpm.player, Table1[Position], _xlpm.p))), INDEX(_xlpm.uPos, MATCH(MAX(_xlpm.counts), _xlpm.counts, 0)) ), "N/A")} -> LF
A52: =TEXT(Table1[[#This Row],[Date]],"yyyymmdd") & "_" & (LEFT(D52,3) & "_" & LEFT(E52,3) & "_" & (Table1[[#This Row],[Game_no.]])) -> 20260208_Lin_D&E_1 | B52: 46061 | C52: 1 | D52: Lincoln Memorial | E52: D&E | F52: D&E | G52: Lincoln Memorial | H52: G.Wessling | I52: =TRIM(SUBSTITUTE(Table1[[#This Row],[Player]], " ", "")) -> G.Wessling | J52: 3 | K52: 1 | L52: 1 | M52: 0 | N52: 0 | O52: 0 | P52: 0 | Q52: 0 | R52: 0 | S52: 0 | T52: 0 | U52: 0 | V52: =L52*1+P52*2+Q52*3+R52*4 -> 1 | W52: C | X52: 2 | Y52: 0 | AF52: =Table1[[#This Row],[AB]]+Table1[[#This Row],[BB]]+Table1[[#This Row],[SF]] -> 3 | AG52: =Table1[[#This Row],[H]]+Table1[[#This Row],[BB]] -> 1 | AH52: =Table1[[#This Row],[H]]-Table1[[#This Row],[2B]]-Table1[[#This Row],[3B]]-Table1[[#This Row],[HR]] -> 1 | AI52: =IF(Table1[[#This Row],[Team_Game_Number]] >_xlfn.MAXIFS(Table1[Team_Game_Number],Table1[Team],Table1[[#This Row],[Team]]) - 5,1,0) -> 0 | AJ52: {=MATCH(Table1[[#This Row],[Game_ID]],_xlfn.UNIQUE(_xlfn._xlws.FILTER(Table1[Game_ID],Table1[Team]=Table1[[#This Row],[Team]])),0)} -> 3 | AK52: =IF(Table1[[#This Row],[Last5_Flag]]=1,1,0) -> 0 | AL52: =COUNTIFS( Table1[Player Name], Table1[[#This Row],[Player Name]], Table1[Position], Table1[[#This Row],[Position]] ) -> 26 | AM52: {=IFERROR( _xlfn.LET( _xlpm.player, Table1[[#This Row],[Player Name]], _xlpm.uPos, _xlfn.UNIQUE(_xlfn._xlws.FILTER(Table1[Position], Table1[Player Name]=_xlpm.player)), _xlpm.counts, _xlfn.MAP(_xlpm.uPos, _xlfn.LAMBDA(_xlpm.p, COUNTIFS(Table1[Player Name], _xlpm.player, Table1[Position], _xlpm.p))), INDEX(_xlpm.uPos, MATCH(MAX(_xlpm.counts), _xlpm.counts, 0)) ), "N/A")} -> C
A53: =TEXT(Table1[[#This Row],[Date]],"yyyymmdd") & "_" & (LEFT(D53,3) & "_" & LEFT(E53,3) & "_" & (Table1[[#This Row],[Game_no.]])) -> 20260208_Lin_D&E_1 | B53: 46061 | C53: 1 | D53: Lincoln Memorial | E53: D&E | F53: D&E | G53: Lincoln Memorial | H53: A.Zapach | I53: =TRIM(SUBSTITUTE(Table1[[#This Row],[Player]], " ", "")) -> A.Zapach | J53: 3 | K53: 1 | L53: 1 | M53: 3 | N53: 0 | O53: 0 | P53: 0 | Q53: 0 | R53: 1 | S53: 0 | T53: 0 | U53: 0 | V53: =L53*1+P53*2+Q53*3+R53*4 -> 5 | W53: 1B | X53: 3 | Y53: 1 | AF53: =Table1[[#This Row],[AB]]+Table1[[#This Row],[BB]]+Table1[[#This Row],[SF]] -> 3 | AG53: =Table1[[#This Row],[H]]+Table1[[#This Row],[BB]] -> 1 | AH53: =Table1[[#This Row],[H]]-Table1[[#This Row],[2B]]-Table1[[#This Row],[3B]]-Table1[[#This Row],[HR]] -> 0 | AI53: =IF(Table1[[#This Row],[Team_Game_Number]] >_xlfn.MAXIFS(Table1[Team_Game_Number],Table1[Team],Table1[[#This Row],[Team]]) - 5,1,0) -> 0 | AJ53: {=MATCH(Table1[[#This Row],[Game_ID]],_xlfn.UNIQUE(_xlfn._xlws.FILTER(Table1[Game_ID],Table1[Team]=Table1[[#This Row],[Team]])),0)} -> 3 | AK53: =IF(Table1[[#This Row],[Last5_Flag]]=1,1,0) -> 0 | AL53: =COUNTIFS( Table1[Player Name], Table1[[#This Row],[Player Name]], Table1[Position], Table1[[#This Row],[Position]] ) -> 27 | AM53: {=IFERROR( _xlfn.LET( _xlpm.player, Table1[[#This Row],[Player Name]], _xlpm.uPos, _xlfn.UNIQUE(_xlfn._xlws.FILTER(Table1[Position], Table1[Player Name]=_xlpm.player)), _xlpm.counts, _xlfn.MAP(_xlpm.uPos, _xlfn.LAMBDA(_xlpm.p, COUNTIFS(Table1[Player Name], _xlpm.player, Table1[Position], _xlpm.p))), INDEX(_xlpm.uPos, MATCH(MAX(_xlpm.counts), _xlpm.counts, 0)) ), "N/A")} -> 1B
A54: =TEXT(Table1[[#This Row],[Date]],"yyyymmdd") & "_" & (LEFT(D54,3) & "_" & LEFT(E54,3) & "_" & (Table1[[#This Row],[Game_no.]])) -> 20260208_Lin_D&E_1 | B54: 46061 | C54: 1 | D54: Lincoln Memorial | E54: D&E | F54: D&E | G54: Lincoln Memorial | H54: A.Higgins | I54: =TRIM(SUBSTITUTE(Table1[[#This Row],[Player]], " ", "")) -> A.Higgins | J54: 3 | K54: 1 | L54: 2 | M54: 1 | N54: 0 | O54: 0 | P54: 0 | Q54: 0 | R54: 0 | S54: 0 | T54: 0 | U54: 0 | V54: =L54*1+P54*2+Q54*3+R54*4 -> 2 | W54: SS | X54: 4 | Y54: 2 | AF54: =Table1[[#This Row],[AB]]+Table1[[#This Row],[BB]]+Table1[[#This Row],[SF]] -> 3 | AG54: =Table1[[#This Row],[H]]+Table1[[#This Row],[BB]] -> 2 | AH54: =Table1[[#This Row],[H]]-Table1[[#This Row],[2B]]-Table1[[#This Row],[3B]]-Table1[[#This Row],[HR]] -> 2 | AI54: =IF(Table1[[#This Row],[Team_Game_Number]] >_xlfn.MAXIFS(Table1[Team_Game_Number],Table1[Team],Table1[[#This Row],[Team]]) - 5,1,0) -> 0 | AJ54: {=MATCH(Table1[[#This Row],[Game_ID]],_xlfn.UNIQUE(_xlfn._xlws.FILTER(Table1[Game_ID],Table1[Team]=Table1[[#This Row],[Team]])),0)} -> 3 | AK54: =IF(Table1[[#This Row],[Last5_Flag]]=1,1,0) -> 0 | AL54: =COUNTIFS( Table1[Player Name], Table1[[#This Row],[Player Name]], Table1[Position], Table1[[#This Row],[Position]] ) -> 22 | AM54: {=IFERROR( _xlfn.LET( _xlpm.player, Table1[[#This Row],[Player Name]], _xlpm.uPos, _xlfn.UNIQUE(_xlfn._xlws.FILTER(Table1[Position], Table1[Player Name]=_xlpm.player)), _xlpm.counts, _xlfn.MAP(_xlpm.uPos, _xlfn.LAMBDA(_xlpm.p, COUNTIFS(Table1[Player Name], _xlpm.player, Table1[Position], _xlpm.p))), INDEX(_xlpm.uPos, MATCH(MAX(_xlpm.counts), _xlpm.counts, 0)) ), "N/A")} -> SS
A55: =TEXT(Table1[[#This Row],[Date]],"yyyymmdd") & "_" & (LEFT(D55,3) & "_" & LEFT(E55,3) & "_" & (Table1[[#This Row],[Game_no.]])) -> 20260208_Lin_D&E_1 | B55: 46061 | C55: 1 | D55: Lincoln Memorial | E55: D&E | F55: D&E | G55: Lincoln Memorial | H55: T.Fleming | I55: =TRIM(SUBSTITUTE(Table1[[#This Row],[Player]], " ", "")) -> T.Fleming | J55: 1 | K55: 1 | L55: 0 | M55: 0 | N55: 1 | O55: 0 | P55: 0 | Q55: 0 | R55: 0 | S55: 0 | T55: 0 | U55: 0 | V55: =L55*1+P55*2+Q55*3+R55*4 -> 0 | W55: DP | X55: 5 | Y55: 0 | AF55: =Table1[[#This Row],[AB]]+Table1[[#This Row],[BB]]+Table1[[#This Row],[SF]] -> 2 | AG55: =Table1[[#This Row],[H]]+Table1[[#This Row],[BB]] -> 1 | AH55: =Table1[[#This Row],[H]]-Table1[[#This Row],[2B]]-Table1[[#This Row],[3B]]-Table1[[#This Row],[HR]] -> 0 | AI55: =IF(Table1[[#This Row],[Team_Game_Number]] >_xlfn.MAXIFS(Table1[Team_Game_Number],Table1[Team],Table1[[#This Row],[Team]]) - 5,1,0) -> 0 | AJ55: {=MATCH(Table1[[#This Row],[Game_ID]],_xlfn.UNIQUE(_xlfn._xlws.FILTER(Table1[Game_ID],Table1[Team]=Table1[[#This Row],[Team]])),0)} -> 3 | AK55: =IF(Table1[[#This Row],[Last5_Flag]]=1,1,0) -> 0 | AL55: =COUNTIFS( Table1[Player Name], Table1[[#This Row],[Player Name]], Table1[Position], Table1[[#This Row],[Position]] ) -> 11 | AM55: {=IFERROR( _xlfn.LET( _xlpm.player, Table1[[#This Row],[Player Name]], _xlpm.uPos, _xlfn.UNIQUE(_xlfn._xlws.FILTER(Table1[Position], Table1[Player Name]=_xlpm.player)), _xlpm.counts, _xlfn.MAP(_xlpm.uPos, _xlfn.LAMBDA(_xlpm.p, COUNTIFS(Table1[Player Name], _xlpm.player, Table1[Position], _xlpm.p))), INDEX(_xlpm.uPos, MATCH(MAX(_xlpm.counts), _xlpm.counts, 0)) ), "N/A")} -> 2B
A56: =TEXT(Table1[[#This Row],[Date]],"yyyymmdd") & "_" & (LEFT(D56,3) & "_" & LEFT(E56,3) & "_" & (Table1[[#This Row],[Game_no.]])) -> 20260208_Lin_D&E_1 | B56: 46061 | C56: 1 | D56: Lincoln Memorial | E56: D&E | F56: D&E | G56: Lincoln Memorial | H56: M.Henkle | I56: =TRIM(SUBSTITUTE(Table1[[#This Row],[Player]], " ", "")) -> M.Henkle | J56: 3 | K56: 0 | L56: 1 | M56: 0 | N56: 0 | O56: 0 | P56: 0 | Q56: 0 | R56: 0 | S56: 0 | T56: 0 | U56: 0 | V56: =L56*1+P56*2+Q56*3+R56*4 -> 1 | W56: 3B | X56: 6 | Y56: 1 | AF56: =Table1[[#This Row],[AB]]+Table1[[#This Row],[BB]]+Table1[[#This Row],[SF]] -> 3 | AG56: =Table1[[#This Row],[H]]+Table1[[#This Row],[BB]] -> 1 | AH56: =Table1[[#This Row],[H]]-Table1[[#This Row],[2B]]-Table1[[#This Row],[3B]]-Table1[[#This Row],[HR]] -> 1 | AI56: =IF(Table1[[#This Row],[Team_Game_Number]] >_xlfn.MAXIFS(Table1[Team_Game_Number],Table1[Team],Table1[[#This Row],[Team]]) - 5,1,0) -> 0 | AJ56: {=MATCH(Table1[[#This Row],[Game_ID]],_xlfn.UNIQUE(_xlfn._xlws.FILTER(Table1[Game_ID],Table1[Team]=Table1[[#This Row],[Team]])),0)} -> 3 | AK56: =IF(Table1[[#This Row],[Last5_Flag]]=1,1,0) -> 0 | AL56: =COUNTIFS( Table1[Player Name], Table1[[#This Row],[Player Name]], Table1[Position], Table1[[#This Row],[Position]] ) -> 13 | AM56: {=IFERROR( _xlfn.LET( _xlpm.player, Table1[[#This Row],[Player Name]], _xlpm.uPos, _xlfn.UNIQUE(_xlfn._xlws.FILTER(Table1[Position], Table1[Player Name]=_xlpm.player)), _xlpm.counts, _xlfn.MAP(_xlpm.uPos, _xlfn.LAMBDA(_xlpm.p, COUNTIFS(Table1[Player Name], _xlpm.player, Table1[Position], _xlpm.p))), INDEX(_xlpm.uPos, MATCH(MAX(_xlpm.counts), _xlpm.counts, 0)) ), "N/A")} -> 3B
A57: =TEXT(Table1[[#This Row],[Date]],"yyyymmdd") & "_" & (LEFT(D57,3) & "_" & LEFT(E57,3) & "_" & (Table1[[#This Row],[Game_no.]])) -> 20260208_Lin_D&E_1 | B57: 46061 | C57: 1 | D57: Lincoln Memorial | E57: D&E | F57: D&E | G57: Lincoln Memorial | H57: C.Dobbs | I57: =TRIM(SUBSTITUTE(Table1[[#This Row],[Player]], " ", "")) -> C.Dobbs | J57: 3 | K57: 1 | L57: 2 | M57: 3 | N57: 0 | O57: 0 | P57: 0 | Q57: 0 | R57: 1 | S57: 0 | T57: 0 | U57: 0 | V57: =L57*1+P57*2+Q57*3+R57*4 -> 6 | W57: 2B | X57: 7 | Y57: 1 | AF57: =Table1[[#This Row],[AB]]+Table1[[#This Row],[BB]]+Table1[[#This Row],[SF]] -> 3 | AG57: =Table1[[#This Row],[H]]+Table1[[#This Row],[BB]] -> 2 | AH57: =Table1[[#This Row],[H]]-Table1[[#This Row],[2B]]-Table1[[#This Row],[3B]]-Table1[[#This Row],[HR]] -> 1 | AI57: =IF(Table1[[#This Row],[Team_Game_Number]] >_xlfn.MAXIFS(Table1[Team_Game_Number],Table1[Team],Table1[[#This Row],[Team]]) - 5,1,0) -> 0 | AJ57: {=MATCH(Table1[[#This Row],[Game_ID]],_xlfn.UNIQUE(_xlfn._xlws.FILTER(Table1[Game_ID],Table1[Team]=Table1[[#This Row],[Team]])),0)} -> 3 | AK57: =IF(Table1[[#This Row],[Last5_Flag]]=1,1,0) -> 0 | AL57: =COUNTIFS( Table1[Player Name], Table1[[#This Row],[Player Name]], Table1[Position], Table1[[#This Row],[Position]] ) -> 3 | AM57: {=IFERROR( _xlfn.LET( _xlpm.player, Table1[[#This Row],[Player Name]], _xlpm.uPos, _xlfn.UNIQUE(_xlfn._xlws.FILTER(Table1[Position], Table1[Player Name]=_xlpm.player)), _xlpm.counts, _xlfn.MAP(_xlpm.uPos, _xlfn.LAMBDA(_xlpm.p, COUNTIFS(Table1[Player Name], _xlpm.player, Table1[Position], _xlpm.p))), INDEX(_xlpm.uPos, MATCH(MAX(_xlpm.counts), _xlpm.counts, 0)) ), "N/A")} -> SS
A58: =TEXT(Table1[[#This Row],[Date]],"yyyymmdd") & "_" & (LEFT(D58,3) & "_" & LEFT(E58,3) & "_" & (Table1[[#This Row],[Game_no.]])) -> 20260208_Lin_D&E_1 | B58: 46061 | C58: 1 | D58: Lincoln Memorial | E58: D&E | F58: D&E | G58: Lincoln Memorial | H58: M.Smith | I58: =TRIM(SUBSTITUTE(Table1[[#This Row],[Player]], " ", "")) -> M.Smith | J58: 2 | K58: 0 | L58: 0 | M58: 0 | N58: 0 | O58: 0 | P58: 0 | Q58: 0 | R58: 0 | S58: 0 | T58: 0 | U58: 0 | V58: =L58*1+P58*2+Q58*3+R58*4 -> 0 | W58: RF | X58: 8 | Y58: 0 | AF58: =Table1[[#This Row],[AB]]+Table1[[#This Row],[BB]]+Table1[[#This Row],[SF]] -> 2 | AG58: =Table1[[#This Row],[H]]+Table1[[#This Row],[BB]] -> 0 | AH58: =Table1[[#This Row],[H]]-Table1[[#This Row],[2B]]-Table1[[#This Row],[3B]]-Table1[[#This Row],[HR]] -> 0 | AI58: =IF(Table1[[#This Row],[Team_Game_Number]] >_xlfn.MAXIFS(Table1[Team_Game_Number],Table1[Team],Table1[[#This Row],[Team]]) - 5,1,0) -> 0 | AJ58: {=MATCH(Table1[[#This Row],[Game_ID]],_xlfn.UNIQUE(_xlfn._xlws.FILTER(Table1[Game_ID],Table1[Team]=Table1[[#This Row],[Team]])),0)} -> 3 | AK58: =IF(Table1[[#This Row],[Last5_Flag]]=1,1,0) -> 0 | AL58: =COUNTIFS( Table1[Player Name], Table1[[#This Row],[Player Name]], Table1[Position], Table1[[#This Row],[Position]] ) -> 21 | AM58: {=IFERROR( _xlfn.LET( _xlpm.player, Table1[[#This Row],[Player Name]], _xlpm.uPos, _xlfn.UNIQUE(_xlfn._xlws.FILTER(Table1[Position], Table1[Player Name]=_xlpm.player)), _xlpm.counts, _xlfn.MAP(_xlpm.uPos, _xlfn.LAMBDA(_xlpm.p, COUNTIFS(Table1[Player Name], _xlpm.player, Table1[Position], _xlpm.p))), INDEX(_xlpm.uPos, MATCH(MAX(_xlpm.counts), _xlpm.counts, 0)) ), "N/A")} -> RF
A59: =TEXT(Table1[[#This Row],[Date]],"yyyymmdd") & "_" & (LEFT(D59,3) & "_" & LEFT(E59,3) & "_" & (Table1[[#This Row],[Game_no.]])) -> 20260208_Lin_D&E_1 | B59: 46061 | C59: 1 | D59: Lincoln Memorial | E59: D&E | F59: D&E | G59: Lincoln Memorial | H59: L.Ruiz-Rubio | I59: =TRIM(SUBSTITUTE(Table1[[#This Row],[Player]], " ", "")) -> L.Ruiz-Rubio | J59: 1 | K59: 0 | L59: 0 | M59: 0 | N59: 0 | O59: 0 | P59: 0 | Q59: 0 | R59: 0 | S59: 0 | T59: 0 | U59: 0 | V59: =L59*1+P59*2+Q59*3+R59*4 -> 0 | W59: PH | X59: 8 | Y59: 0 | AF59: =Table1[[#This Row],[AB]]+Table1[[#This Row],[BB]]+Table1[[#This Row],[SF]] -> 1 | AG59: =Table1[[#This Row],[H]]+Table1[[#This Row],[BB]] -> 0 | AH59: =Table1[[#This Row],[H]]-Table1[[#This Row],[2B]]-Table1[[#This Row],[3B]]-Table1[[#This Row],[HR]] -> 0 | AI59: =IF(Table1[[#This Row],[Team_Game_Number]] >_xlfn.MAXIFS(Table1[Team_Game_Number],Table1[Team],Table1[[#This Row],[Team]]) - 5,1,0) -> 0 | AJ59: {=MATCH(Table1[[#This Row],[Game_ID]],_xlfn.UNIQUE(_xlfn._xlws.FILTER(Table1[Game_ID],Table1[Team]=Table1[[#This Row],[Team]])),0)} -> 3 | AK59: =IF(Table1[[#This Row],[Last5_Flag]]=1,1,0) -> 0 | AL59: =COUNTIFS( Table1[Player Name], Table1[[#This Row],[Player Name]], Table1[Position], Table1[[#This Row],[Position]] ) -> 3 | AM59: {=IFERROR( _xlfn.LET( _xlpm.player, Table1[[#This Row],[Player Name]], _xlpm.uPos, _xlfn.UNIQUE(_xlfn._xlws.FILTER(Table1[Position], Table1[Player Name]=_xlpm.player)), _xlpm.counts, _xlfn.MAP(_xlpm.uPos, _xlfn.LAMBDA(_xlpm.p, COUNTIFS(Table1[Player Name], _xlpm.player, Table1[Position], _xlpm.p))), INDEX(_xlpm.uPos, MATCH(MAX(_xlpm.counts), _xlpm.counts, 0)) ), "N/A")} -> 3B
A60: =TEXT(Table1[[#This Row],[Date]],"yyyymmdd") & "_" & (LEFT(D60,3) & "_" & LEFT(E60,3) & "_" & (Table1[[#This Row],[Game_no.]])) -> 20260208_Lin_D&E_1 | B60: 46061 | C60: 1 | D60: Lincoln Memorial | E60: D&E | F60: D&E | G60: Lincoln Memorial | H60: A.Belcher | I60: =TRIM(SUBSTITUTE(Table1[[#This Row],[Player]], " ", "")) -> A.Belcher | J60: 2 | K60: 0 | L60: 1 | M60: 0 | N60: 0 | O60: 0 | P60: 0 | Q60: 0 | R60: 0 | S60: 0 | T60: 0 | U60: 0 | V60: =L60*1+P60*2+Q60*3+R60*4 -> 1 | W60: CF | X60: 9 | Y60: 0 | AF60: =Table1[[#This Row],[AB]]+Table1[[#This Row],[BB]]+Table1[[#This Row],[SF]] -> 2 | AG60: =Table1[[#This Row],[H]]+Table1[[#This Row],[BB]] -> 1 | AH60: =Table1[[#This Row],[H]]-Table1[[#This Row],[2B]]-Table1[[#This Row],[3B]]-Table1[[#This Row],[HR]] -> 1 | AI60: =IF(Table1[[#This Row],[Team_Game_Number]] >_xlfn.MAXIFS(Table1[Team_Game_Number],Table1[Team],Table1[[#This Row],[Team]]) - 5,1,0) -> 0 | AJ60: {=MATCH(Table1[[#This Row],[Game_ID]],_xlfn.UNIQUE(_xlfn._xlws.FILTER(Table1[Game_ID],Table1[Team]=Table1[[#This Row],[Team]])),0)} -> 3 | AK60: =IF(Table1[[#This Row],[Last5_Flag]]=1,1,0) -> 0 | AL60: =COUNTIFS( Table1[Player Name], Table1[[#This Row],[Player Name]], Table1[Position], Table1[[#This Row],[Position]] ) -> 19 | AM60: {=IFERROR( _xlfn.LET( _xlpm.player, Table1[[#This Row],[Player Name]], _xlpm.uPos, _xlfn.UNIQUE(_xlfn._xlws.FILTER(Table1[Position], Table1[Player Name]=_xlpm.player)), _xlpm.counts, _xlfn.MAP(_xlpm.uPos, _xlfn.LAMBDA(_xlpm.p, COUNTIFS(Table1[Player Name], _xlpm.player, Table1[Position], _xlpm.p))), INDEX(_xlpm.uPos, MATCH(MAX(_xlpm.counts), _xlpm.counts, 0)) ), "N/A")} -> CF
A61: =TEXT(Table1[[#This Row],[Date]],"yyyymmdd") & "_" & (LEFT(D61,3) & "_" & LEFT(E61,3) & "_" & (Table1[[#This Row],[Game_no.]])) -> 20260208_Lin_D&E_1 | B61: 46061 | C61: 1 | D61: Lincoln Memorial | E61: D&E | F61: D&E | G61: Lincoln Memorial | H61: S.Kneeland | I61: =TRIM(SUBSTITUTE(Table1[[#This Row],[Player]], " ", "")) -> S.Kneeland | J61: 0 | K61: 0 | L61: 0 | M61: 0 | N61: 0 | O61: 0 | P61: 0 | Q61: 0 | R61: 0 | S61: 0 | T61: 0 | U61: 0 | V61: =L61*1+P61*2+Q61*3+R61*4 -> 0 | W61: P | Y61: 0 | Z61: 2 | AA61: 7 | AB61: 13 | AC61: 4 | AD61: 5 | AE61: 0 | AF61: =Table1[[#This Row],[AB]]+Table1[[#This Row],[BB]]+Table1[[#This Row],[SF]] -> 0 | AG61: =Table1[[#This Row],[H]]+Table1[[#This Row],[BB]] -> 0 | AH61: =Table1[[#This Row],[H]]-Table1[[#This Row],[2B]]-Table1[[#This Row],[3B]]-Table1[[#This Row],[HR]] -> 0 | AI61: =IF(Table1[[#This Row],[Team_Game_Number]] >_xlfn.MAXIFS(Table1[Team_Game_Number],Table1[Team],Table1[[#This Row],[Team]]) - 5,1,0) -> 0 | AJ61: {=MATCH(Table1[[#This Row],[Game_ID]],_xlfn.UNIQUE(_xlfn._xlws.FILTER(Table1[Game_ID],Table1[Team]=Table1[[#This Row],[Team]])),0)} -> 3 | AK61: =IF(Table1[[#This Row],[Last5_Flag]]=1,1,0) -> 0 | AL61: =COUNTIFS( Table1[Player Name], Table1[[#This Row],[Player Name]], Table1[Position], Table1[[#This Row],[Position]] ) -> 17 | AM61: {=IFERROR( _xlfn.LET( _xlpm.player, Table1[[#This Row],[Player Name]], _xlpm.uPos, _xlfn.UNIQUE(_xlfn._xlws.FILTER(Table1[Position], Table1[Player Name]=_xlpm.player)), _xlpm.counts, _xlfn.MAP(_xlpm.uPos, _xlfn.LAMBDA(_xlpm.p, COUNTIFS(Table1[Player Name], _xlpm.player, Table1[Position], _xlpm.p))), INDEX(_xlpm.uPos, MATCH(MAX(_xlpm.counts), _xlpm.counts, 0)) ), "N/A")} -> P
A62: =TEXT(Table1[[#This Row],[Date]],"yyyymmdd") & "_" & (LEFT(D62,3) & "_" & LEFT(E62,3) & "_" & (Table1[[#This Row],[Game_no.]])) -> 20260208_Lin_D&E_1 | B62: 46061 | C62: 1 | D62: Lincoln Memorial | E62: D&E | F62: D&E | G62: Lincoln Memorial | H62: A.Munoz | I62: =TRIM(SUBSTITUTE(Table1[[#This Row],[Player]], " ", "")) -> A.Munoz | J62: 0 | K62: 0 | L62: 0 | M62: 0 | N62: 0 | O62: 0 | P62: 0 | Q62: 0 | R62: 0 | S62: 0 | T62: 0 | U62: 0 | V62: =L62*1+P62*2+Q62*3+R62*4 -> 0 | W62: P | Y62: 0 | Z62: 2 | AA62: 4 | AB62: 2 | AC62: 2 | AD62: 0 | AE62: 1 | AF62: =Table1[[#This Row],[AB]]+Table1[[#This Row],[BB]]+Table1[[#This Row],[SF]] -> 0 | AG62: =Table1[[#This Row],[H]]+Table1[[#This Row],[BB]] -> 0 | AH62: =Table1[[#This Row],[H]]-Table1[[#This Row],[2B]]-Table1[[#This Row],[3B]]-Table1[[#This Row],[HR]] -> 0 | AI62: =IF(Table1[[#This Row],[Team_Game_Number]] >_xlfn.MAXIFS(Table1[Team_Game_Number],Table1[Team],Table1[[#This Row],[Team]]) - 5,1,0) -> 0 | AJ62: {=MATCH(Table1[[#This Row],[Game_ID]],_xlfn.UNIQUE(_xlfn._xlws.FILTER(Table1[Game_ID],Table1[Team]=Table1[[#This Row],[Team]])),0)} -> 3 | AK62: =IF(Table1[[#This Row],[Last5_Flag]]=1,1,0) -> 0 | AL62: =COUNTIFS( Table1[Player Name], Table1[[#This Row],[Player Name]], Table1[Position], Table1[[#This Row],[Position]] ) -> 10 | AM62: {=IFERROR( _xlfn.LET( _xlpm.player, Table1[[#This Row],[Player Name]], _xlpm.uPos, _xlfn.UNIQUE(_xlfn._xlws.FILTER(Table1[Position], Table1[Player Name]=_xlpm.player)), _xlpm.counts, _xlfn.MAP(_xlpm.uPos, _xlfn.LAMBDA(_xlpm.p, COUNTIFS(Table1[Player Name], _xlpm.player, Table1[Position], _xlpm.p))), INDEX(_xlpm.uPos, MATCH(MAX(_xlpm.counts), _xlpm.counts, 0)) ), "N/A")} -> P
A63: =TEXT(Table1[[#This Row],[Date]],"yyyymmdd") & "_" & (LEFT(D63,3) & "_" & LEFT(E63,3) & "_" & (Table1[[#This Row],[Game_no.]])) -> 20260208_Emo_Con_1 | B63: 46061 | C63: 1 | D63: Emory & Henry | E63: Concord | F63: Concord | G63: Emory & Henry | H63: K.Morgan | I63: =TRIM(SUBSTITUTE(Table1[[#This Row],[Player]], " ", "")) -> K.Morgan | J63: 3 | K63: 0 | L63: 1 | M63: 2 | N63: 0 | O63: 2 | P63: 0 | Q63: 0 | R63: 0 | S63: 0 | T63: 1 | U63: 0 | V63: =L63*1+P63*2+Q63*3+R63*4 -> 1 | W63: 3B | X63: 1 | Y63: 0 | AF63: =Table1[[#This Row],[AB]]+Table1[[#This Row],[BB]]+Table1[[#This Row],[SF]] -> 3 | AG63: =Table1[[#This Row],[H]]+Table1[[#This Row],[BB]] -> 1 | AH63: =Table1[[#This Row],[H]]-Table1[[#This Row],[2B]]-Table1[[#This Row],[3B]]-Table1[[#This Row],[HR]] -> 1 | AI63: =IF(Table1[[#This Row],[Team_Game_Number]] >_xlfn.MAXIFS(Table1[Team_Game_Number],Table1[Team],Table1[[#This Row],[Team]]) - 5,1,0) -> 0 | AJ63: {=MATCH(Table1[[#This Row],[Game_ID]],_xlfn.UNIQUE(_xlfn._xlws.FILTER(Table1[Game_ID],Table1[Team]=Table1[[#This Row],[Team]])),0)} -> 1 | AK63: =IF(Table1[[#This Row],[Last5_Flag]]=1,1,0) -> 0 | AL63: =COUNTIFS( Table1[Player Name], Table1[[#This Row],[Player Name]], Table1[Position], Table1[[#This Row],[Position]] ) -> 28 | AM63: {=IFERROR( _xlfn.LET( _xlpm.player, Table1[[#This Row],[Player Name]], _xlpm.uPos, _xlfn.UNIQUE(_xlfn._xlws.FILTER(Table1[Position], Table1[Player Name]=_xlpm.player)), _xlpm.counts, _xlfn.MAP(_xlpm.uPos, _xlfn.LAMBDA(_xlpm.p, COUNTIFS(Table1[Player Name], _xlpm.player, Table1[Position], _xlpm.p))), INDEX(_xlpm.uPos, MATCH(MAX(_xlpm.counts), _xlpm.counts, 0)) ), "N/A")} -> 3B
A64: =TEXT(Table1[[#This Row],[Date]],"yyyymmdd") & "_" & (LEFT(D64,3) & "_" & LEFT(E64,3) & "_" & (Table1[[#This Row],[Game_no.]])) -> 20260208_Emo_Con_1 | B64: 46061 | C64: 1 | D64: Emory & Henry | E64: Concord | F64: Concord | G64: Emory & Henry | H64: B.Jamerson | I64: =TRIM(SUBSTITUTE(Table1[[#This Row],[Player]], " ", "")) -> B.Jamerson | J64: 4 | K64: 3 | L64: 3 | M64: 0 | N64: 0 | O64: 1 | P64: 0 | Q64: 0 | R64: 0 | S64: 0 | T64: 0 | U64: 0 | V64: =L64*1+P64*2+Q64*3+R64*4 -> 3 | W64: 2B/1B | X64: 2 | Y64: 2 | AF64: =Table1[[#This Row],[AB]]+Table1[[#This Row],[BB]]+Table1[[#This Row],[SF]] -> 4 | AG64: =Table1[[#This Row],[H]]+Table1[[#This Row],[BB]] -> 3 | AH64: =Table1[[#This Row],[H]]-Table1[[#This Row],[2B]]-Table1[[#This Row],[3B]]-Table1[[#This Row],[HR]] -> 3 | AI64: =IF(Table1[[#This Row],[Team_Game_Number]] >_xlfn.MAXIFS(Table1[Team_Game_Number],Table1[Team],Table1[[#This Row],[Team]]) - 5,1,0) -> 0 | AJ64: {=MATCH(Table1[[#This Row],[Game_ID]],_xlfn.UNIQUE(_xlfn._xlws.FILTER(Table1[Game_ID],Table1[Team]=Table1[[#This Row],[Team]])),0)} -> 1 | AK64: =IF(Table1[[#This Row],[Last5_Flag]]=1,1,0) -> 0 | AL64: =COUNTIFS( Table1[Player Name], Table1[[#This Row],[Player Name]], Table1[Position], Table1[[#This Row],[Position]] ) -> 1 | AM64: {=IFERROR( _xlfn.LET( _xlpm.player, Table1[[#This Row],[Player Name]], _xlpm.uPos, _xlfn.UNIQUE(_xlfn._xlws.FILTER(Table1[Position], Table1[Player Name]=_xlpm.player)), _xlpm.counts, _xlfn.MAP(_xlpm.uPos, _xlfn.LAMBDA(_xlpm.p, COUNTIFS(Table1[Player Name], _xlpm.player, Table1[Position], _xlpm.p))), INDEX(_xlpm.uPos, MATCH(MAX(_xlpm.counts), _xlpm.counts, 0)) ), "N/A")} -> 1B
A65: =TEXT(Table1[[#This Row],[Date]],"yyyymmdd") & "_" & (LEFT(D65,3) & "_" & LEFT(E65,3) & "_" & (Table1[[#This Row],[Game_no.]])) -> 20260208_Emo_Con_1 | B65: 46061 | C65: 1 | D65: Emory & Henry | E65: Concord | F65: Concord | G65: Emory & Henry | H65: M.Hollis | I65: =TRIM(SUBSTITUTE(Table1[[#This Row],[Player]], " ", "")) -> M.Hollis | J65: 4 | K65: 1 | L65: 1 | M65: 0 | N65: 0 | O65: 0 | P65: 0 | Q65: 0 | R65: 0 | S65: 0 | T65: 0 | U65: 0 | V65: =L65*1+P65*2+Q65*3+R65*4 -> 1 | W65: 1B/P | X65: 3 | Y65: 1 | Z65: 2 | AA65: 5 | AB65: 8 | AC65: 2 | AD65: 2 | AE65: 1 | AF65: =Table1[[#This Row],[AB]]+Table1[[#This Row],[BB]]+Table1[[#This Row],[SF]] -> 4 | AG65: =Table1[[#This Row],[H]]+Table1[[#This Row],[BB]] -> 1 | AH65: =Table1[[#This Row],[H]]-Table1[[#This Row],[2B]]-Table1[[#This Row],[3B]]-Table1[[#This Row],[HR]] -> 1 | AI65: =IF(Table1[[#This Row],[Team_Game_Number]] >_xlfn.MAXIFS(Table1[Team_Game_Number],Table1[Team],Table1[[#This Row],[Team]]) - 5,1,0) -> 0 | AJ65: {=MATCH(Table1[[#This Row],[Game_ID]],_xlfn.UNIQUE(_xlfn._xlws.FILTER(Table1[Game_ID],Table1[Team]=Table1[[#This Row],[Team]])),0)} -> 1 | AK65: =IF(Table1[[#This Row],[Last5_Flag]]=1,1,0) -> 0 | AL65: =COUNTIFS( Table1[Player Name], Table1[[#This Row],[Player Name]], Table1[Position], Table1[[#This Row],[Position]] ) -> 4 | AM65: {=IFERROR( _xlfn.LET( _xlpm.player, Table1[[#This Row],[Player Name]], _xlpm.uPos, _xlfn.UNIQUE(_xlfn._xlws.FILTER(Table1[Position], Table1[Player Name]=_xlpm.player)), _xlpm.counts, _xlfn.MAP(_xlpm.uPos, _xlfn.LAMBDA(_xlpm.p, COUNTIFS(Table1[Player Name], _xlpm.player, Table1[Position], _xlpm.p))), INDEX(_xlpm.uPos, MATCH(MAX(_xlpm.counts), _xlpm.counts, 0)) ), "N/A")} -> P
A66: =TEXT(Table1[[#This Row],[Date]],"yyyymmdd") & "_" & (LEFT(D66,3) & "_" & LEFT(E66,3) & "_" & (Table1[[#This Row],[Game_no.]])) -> 20260208_Emo_Con_1 | B66: 46061 | C66: 1 | D66: Emory & Henry | E66: Concord | F66: Concord | G66: Emory & Henry | H66: L.Lewis | I66: =TRIM(SUBSTITUTE(Table1[[#This Row],[Player]], " ", "")) -> L.Lewis | J66: 2 | K66: 1 | L66: 0 | M66: 1 | N66: 1 | O66: 0 | P66: 0 | Q66: 0 | R66: 0 | S66: 0 | T66: 1 | U66: 0 | V66: =L66*1+P66*2+Q66*3+R66*4 -> 0 | W66: SS | X66: 4 | Y66: 1 | AF66: =Table1[[#This Row],[AB]]+Table1[[#This Row],[BB]]+Table1[[#This Row],[SF]] -> 3 | AG66: =Table1[[#This Row],[H]]+Table1[[#This Row],[BB]] -> 1 | AH66: =Table1[[#This Row],[H]]-Table1[[#This Row],[2B]]-Table1[[#This Row],[3B]]-Table1[[#This Row],[HR]] -> 0 | AI66: =IF(Table1[[#This Row],[Team_Game_Number]] >_xlfn.MAXIFS(Table1[Team_Game_Number],Table1[Team],Table1[[#This Row],[Team]]) - 5,1,0) -> 0 | AJ66: {=MATCH(Table1[[#This Row],[Game_ID]],_xlfn.UNIQUE(_xlfn._xlws.FILTER(Table1[Game_ID],Table1[Team]=Table1[[#This Row],[Team]])),0)} -> 1 | AK66: =IF(Table1[[#This Row],[Last5_Flag]]=1,1,0) -> 0 | AL66: =COUNTIFS( Table1[Player Name], Table1[[#This Row],[Player Name]], Table1[Position], Table1[[#This Row],[Position]] ) -> 28 | AM66: {=IFERROR( _xlfn.LET( _xlpm.player, Table1[[#This Row],[Player Name]], _xlpm.uPos, _xlfn.UNIQUE(_xlfn._xlws.FILTER(Table1[Position], Table1[Player Name]=_xlpm.player)), _xlpm.counts, _xlfn.MAP(_xlpm.uPos, _xlfn.LAMBDA(_xlpm.p, COUNTIFS(Table1[Player Name], _xlpm.player, Table1[Position], _xlpm.p))), INDEX(_xlpm.uPos, MATCH(MAX(_xlpm.counts), _xlpm.counts, 0)) ), "N/A")} -> SS
A67: =TEXT(Table1[[#This Row],[Date]],"yyyymmdd") & "_" & (LEFT(D67,3) & "_" & LEFT(E67,3) & "_" & (Table1[[#This Row],[Game_no.]])) -> 20260208_Emo_Con_1 | B67: 46061 | C67: 1 | D67: Emory & Henry | E67: Concord | F67: Concord | G67: Emory & Henry | H67: A.Giles | I67: =TRIM(SUBSTITUTE(Table1[[#This Row],[Player]], " ", "")) -> A.Giles | J67: 4 | K67: 0 | L67: 2 | M67: 3 | N67: 0 | O67: 1 | P67: 1 | Q67: 0 | R67: 0 | S67: 0 | T67: 0 | U67: 0 | V67: =L67*1+P67*2+Q67*3+R67*4 -> 4 | W67: CF | X67: 5 | Y67: 1 | AF67: =Table1[[#This Row],[AB]]+Table1[[#This Row],[BB]]+Table1[[#This Row],[SF]] -> 4 | AG67: =Table1[[#This Row],[H]]+Table1[[#This Row],[BB]] -> 2 | AH67: =Table1[[#This Row],[H]]-Table1[[#This Row],[2B]]-Table1[[#This Row],[3B]]-Table1[[#This Row],[HR]] -> 1 | AI67: =IF(Table1[[#This Row],[Team_Game_Number]] >_xlfn.MAXIFS(Table1[Team_Game_Number],Table1[Team],Table1[[#This Row],[Team]]) - 5,1,0) -> 0 | AJ67: {=MATCH(Table1[[#This Row],[Game_ID]],_xlfn.UNIQUE(_xlfn._xlws.FILTER(Table1[Game_ID],Table1[Team]=Table1[[#This Row],[Team]])),0)} -> 1 | AK67: =IF(Table1[[#This Row],[Last5_Flag]]=1,1,0) -> 0 | AL67: =COUNTIFS( Table1[Player Name], Table1[[#This Row],[Player Name]], Table1[Position], Table1[[#This Row],[Position]] ) -> 27 | AM67: {=IFERROR( _xlfn.LET( _xlpm.player, Table1[[#This Row],[Player Name]], _xlpm.uPos, _xlfn.UNIQUE(_xlfn._xlws.FILTER(Table1[Position], Table1[Player Name]=_xlpm.player)), _xlpm.counts, _xlfn.MAP(_xlpm.uPos, _xlfn.LAMBDA(_xlpm.p, COUNTIFS(Table1[Player Name], _xlpm.player, Table1[Position], _xlpm.p))), INDEX(_xlpm.uPos, MATCH(MAX(_xlpm.counts), _xlpm.counts, 0)) ), "N/A")} -> CF
A68: =TEXT(Table1[[#This Row],[Date]],"yyyymmdd") & "_" & (LEFT(D68,3) & "_" & LEFT(E68,3) & "_" & (Table1[[#This Row],[Game_no.]])) -> 20260208_Emo_Con_1 | B68: 46061 | C68: 1 | D68: Emory & Henry | E68: Concord | F68: Concord | G68: Emory & Henry | H68: M.Gleason | I68: =TRIM(SUBSTITUTE(Table1[[#This Row],[Player]], " ", "")) -> M.Gleason | J68: 2 | K68: 0 | L68: 0 | M68: 0 | N68: 1 | O68: 1 | P68: 0 | Q68: 0 | R68: 0 | S68: 0 | T68: 0 | U68: 0 | V68: =L68*1+P68*2+Q68*3+R68*4 -> 0 | W68: LF | X68: 6 | Y68: 0 | AF68: =Table1[[#This Row],[AB]]+Table1[[#This Row],[BB]]+Table1[[#This Row],[SF]] -> 3 | AG68: =Table1[[#This Row],[H]]+Table1[[#This Row],[BB]] -> 1 | AH68: =Table1[[#This Row],[H]]-Table1[[#This Row],[2B]]-Table1[[#This Row],[3B]]-Table1[[#This Row],[HR]] -> 0 | AI68: =IF(Table1[[#This Row],[Team_Game_Number]] >_xlfn.MAXIFS(Table1[Team_Game_Number],Table1[Team],Table1[[#This Row],[Team]]) - 5,1,0) -> 0 | AJ68: {=MATCH(Table1[[#This Row],[Game_ID]],_xlfn.UNIQUE(_xlfn._xlws.FILTER(Table1[Game_ID],Table1[Team]=Table1[[#This Row],[Team]])),0)} -> 1 | AK68: =IF(Table1[[#This Row],[Last5_Flag]]=1,1,0) -> 0 | AL68: =COUNTIFS( Table1[Player Name], Table1[[#This Row],[Player Name]], Table1[Position], Table1[[#This Row],[Position]] ) -> 21 | AM68: {=IFERROR( _xlfn.LET( _xlpm.player, Table1[[#This Row],[Player Name]], _xlpm.uPos, _xlfn.UNIQUE(_xlfn._xlws.FILTER(Table1[Position], Table1[Player Name]=_xlpm.player)), _xlpm.counts, _xlfn.MAP(_xlpm.uPos, _xlfn.LAMBDA(_xlpm.p, COUNTIFS(Table1[Player Name], _xlpm.player, Table1[Position], _xlpm.p))), INDEX(_xlpm.uPos, MATCH(MAX(_xlpm.counts), _xlpm.counts, 0)) ), "N/A")} -> LF
A69: =TEXT(Table1[[#This Row],[Date]],"yyyymmdd") & "_" & (LEFT(D69,3) & "_" & LEFT(E69,3) & "_" & (Table1[[#This Row],[Game_no.]])) -> 20260208_Emo_Con_1 | B69: 46061 | C69: 1 | D69: Emory & Henry | E69: Concord | F69: Concord | G69: Emory & Henry | H69: K.McCord | I69: =TRIM(SUBSTITUTE(Table1[[#This Row],[Player]], " ", "")) -> K.McCord | J69: 3 | K69: 0 | L69: 0 | M69: 0 | N69: 0 | O69: 0 | P69: 0 | Q69: 0 | R69: 0 | S69: 0 | T69: 0 | U69: 0 | V69: =L69*1+P69*2+Q69*3+R69*4 -> 0 | W69: DP/2B | X69: 7 | Y69: 0 | AF69: =Table1[[#This Row],[AB]]+Table1[[#This Row],[BB]]+Table1[[#This Row],[SF]] -> 3 | AG69: =Table1[[#This Row],[H]]+Table1[[#This Row],[BB]] -> 0 | AH69: =Table1[[#This Row],[H]]-Table1[[#This Row],[2B]]-Table1[[#This Row],[3B]]-Table1[[#This Row],[HR]] -> 0 | AI69: =IF(Table1[[#This Row],[Team_Game_Number]] >_xlfn.MAXIFS(Table1[Team_Game_Number],Table1[Team],Table1[[#This Row],[Team]]) - 5,1,0) -> 0 | AJ69: {=MATCH(Table1[[#This Row],[Game_ID]],_xlfn.UNIQUE(_xlfn._xlws.FILTER(Table1[Game_ID],Table1[Team]=Table1[[#This Row],[Team]])),0)} -> 1 | AK69: =IF(Table1[[#This Row],[Last5_Flag]]=1,1,0) -> 0 | AL69: =COUNTIFS( Table1[Player Name], Table1[[#This Row],[Player Name]], Table1[Position], Table1[[#This Row],[Position]] ) -> 2 | AM69: {=IFERROR( _xlfn.LET( _xlpm.player, Table1[[#This Row],[Player Name]], _xlpm.uPos, _xlfn.UNIQUE(_xlfn._xlws.FILTER(Table1[Position], Table1[Player Name]=_xlpm.player)), _xlpm.counts, _xlfn.MAP(_xlpm.uPos, _xlfn.LAMBDA(_xlpm.p, COUNTIFS(Table1[Player Name], _xlpm.player, Table1[Position], _xlpm.p))), INDEX(_xlpm.uPos, MATCH(MAX(_xlpm.counts), _xlpm.counts, 0)) ), "N/A")} -> 2B
A70: =TEXT(Table1[[#This Row],[Date]],"yyyymmdd") & "_" & (LEFT(D70,3) & "_" & LEFT(E70,3) & "_" & (Table1[[#This Row],[Game_no.]])) -> 20260208_Emo_Con_1 | B70: 46061 | C70: 1 | D70: Emory & Henry | E70: Concord | F70: Concord | G70: Emory & Henry | H70: K.Sholter | I70: =TRIM(SUBSTITUTE(Table1[[#This Row],[Player]], " ", "")) -> K.Sholter | J70: 3 | K70: 0 | L70: 2 | M70: 0 | N70: 0 | O70: 1 | P70: 1 | Q70: 0 | R70: 0 | S70: 0 | T70: 0 | U70: 0 | V70: =L70*1+P70*2+Q70*3+R70*4 -> 4 | W70: C | X70: 8 | Y70: 0 | AF70: =Table1[[#This Row],[AB]]+Table1[[#This Row],[BB]]+Table1[[#This Row],[SF]] -> 3 | AG70: =Table1[[#This Row],[H]]+Table1[[#This Row],[BB]] -> 2 | AH70: =Table1[[#This Row],[H]]-Table1[[#This Row],[2B]]-Table1[[#This Row],[3B]]-Table1[[#This Row],[HR]] -> 1 | AI70: =IF(Table1[[#This Row],[Team_Game_Number]] >_xlfn.MAXIFS(Table1[Team_Game_Number],Table1[Team],Table1[[#This Row],[Team]]) - 5,1,0) -> 0 | AJ70: {=MATCH(Table1[[#This Row],[Game_ID]],_xlfn.UNIQUE(_xlfn._xlws.FILTER(Table1[Game_ID],Table1[Team]=Table1[[#This Row],[Team]])),0)} -> 1 | AK70: =IF(Table1[[#This Row],[Last5_Flag]]=1,1,0) -> 0 | AL70: =COUNTIFS( Table1[Player Name], Table1[[#This Row],[Player Name]], Table1[Position], Table1[[#This Row],[Position]] ) -> 16 | AM70: {=IFERROR( _xlfn.LET( _xlpm.player, Table1[[#This Row],[Player Name]], _xlpm.uPos, _xlfn.UNIQUE(_xlfn._xlws.FILTER(Table1[Position], Table1[Player Name]=_xlpm.player)), _xlpm.counts, _xlfn.MAP(_xlpm.uPos, _xlfn.LAMBDA(_xlpm.p, COUNTIFS(Table1[Player Name], _xlpm.player, Table1[Position], _xlpm.p))), INDEX(_xlpm.uPos, MATCH(MAX(_xlpm.counts), _xlpm.counts, 0)) ), "N/A")} -> C
A71: =TEXT(Table1[[#This Row],[Date]],"yyyymmdd") & "_" & (LEFT(D71,3) & "_" & LEFT(E71,3) & "_" & (Table1[[#This Row],[Game_no.]])) -> 20260208_Emo_Con_1 | B71: 46061 | C71: 1 | D71: Emory & Henry | E71: Concord | F71: Concord | G71: Emory & Henry | H71: S.Brehm | I71: =TRIM(SUBSTITUTE(Table1[[#This Row],[Player]], " ", "")) -> S.Brehm | J71: 0 | K71: 1 | L71: 0 | M71: 0 | N71: 0 | O71: 0 | P71: 0 | Q71: 0 | R71: 0 | S71: 1 | T71: 0 | U71: 0 | V71: =L71*1+P71*2+Q71*3+R71*4 -> 0 | W71: PR | Y71: 0 | AF71: =Table1[[#This Row],[AB]]+Table1[[#This Row],[BB]]+Table1[[#This Row],[SF]] -> 0 | AG71: =Table1[[#This Row],[H]]+Table1[[#This Row],[BB]] -> 0 | AH71: =Table1[[#This Row],[H]]-Table1[[#This Row],[2B]]-Table1[[#This Row],[3B]]-Table1[[#This Row],[HR]] -> 0 | AI71: =IF(Table1[[#This Row],[Team_Game_Number]] >_xlfn.MAXIFS(Table1[Team_Game_Number],Table1[Team],Table1[[#This Row],[Team]]) - 5,1,0) -> 0 | AJ71: {=MATCH(Table1[[#This Row],[Game_ID]],_xlfn.UNIQUE(_xlfn._xlws.FILTER(Table1[Game_ID],Table1[Team]=Table1[[#This Row],[Team]])),0)} -> 1 | AK71: =IF(Table1[[#This Row],[Last5_Flag]]=1,1,0) -> 0 | AL71: =COUNTIFS( Table1[Player Name], Table1[[#This Row],[Player Name]], Table1[Position], Table1[[#This Row],[Position]] ) -> 11 | AM71: {=IFERROR( _xlfn.LET( _xlpm.player, Table1[[#This Row],[Player Name]], _xlpm.uPos, _xlfn.UNIQUE(_xlfn._xlws.FILTER(Table1[Position], Table1[Player Name]=_xlpm.player)), _xlpm.counts, _xlfn.MAP(_xlpm.uPos, _xlfn.LAMBDA(_xlpm.p, COUNTIFS(Table1[Player Name], _xlpm.player, Table1[Position], _xlpm.p))), INDEX(_xlpm.uPos, MATCH(MAX(_xlpm.counts), _xlpm.counts, 0)) ), "N/A")} -> PR
A72: =TEXT(Table1[[#This Row],[Date]],"yyyymmdd") & "_" & (LEFT(D72,3) & "_" & LEFT(E72,3) & "_" & (Table1[[#This Row],[Game_no.]])) -> 20260208_Emo_Con_1 | B72: 46061 | C72: 1 | D72: Emory & Henry | E72: Concord | F72: Concord | G72: Emory & Henry | H72: G.Dodson | I72: =TRIM(SUBSTITUTE(Table1[[#This Row],[Player]], " ", "")) -> G.Dodson | J72: 3 | K72: 1 | L72: 0 | M72: 0 | N72: 0 | O72: 1 | P72: 0 | Q72: 0 | R72: 0 | S72: 0 | T72: 0 | U72: 0 | V72: =L72*1+P72*2+Q72*3+R72*4 -> 0 | W72: RF | X72: 9 | Y72: 0 | AF72: =Table1[[#This Row],[AB]]+Table1[[#This Row],[BB]]+Table1[[#This Row],[SF]] -> 3 | AG72: =Table1[[#This Row],[H]]+Table1[[#This Row],[BB]] -> 0 | AH72: =Table1[[#This Row],[H]]-Table1[[#This Row],[2B]]-Table1[[#This Row],[3B]]-Table1[[#This Row],[HR]] -> 0 | AI72: =IF(Table1[[#This Row],[Team_Game_Number]] >_xlfn.MAXIFS(Table1[Team_Game_Number],Table1[Team],Table1[[#This Row],[Team]]) - 5,1,0) -> 0 | AJ72: {=MATCH(Table1[[#This Row],[Game_ID]],_xlfn.UNIQUE(_xlfn._xlws.FILTER(Table1[Game_ID],Table1[Team]=Table1[[#This Row],[Team]])),0)} -> 1 | AK72: =IF(Table1[[#This Row],[Last5_Flag]]=1,1,0) -> 0 | AL72: =COUNTIFS( Table1[Player Name], Table1[[#This Row],[Player Name]], Table1[Position], Table1[[#This Row],[Position]] ) -> 16 | AM72: {=IFERROR( _xlfn.LET( _xlpm.player, Table1[[#This Row],[Player Name]], _xlpm.uPos, _xlfn.UNIQUE(_xlfn._xlws.FILTER(Table1[Position], Table1[Player Name]=_xlpm.player)), _xlpm.counts, _xlfn.MAP(_xlpm.uPos, _xlfn.LAMBDA(_xlpm.p, COUNTIFS(Table1[Player Name], _xlpm.player, Table1[Position], _xlpm.p))), INDEX(_xlpm.uPos, MATCH(MAX(_xlpm.counts), _xlpm.counts, 0)) ), "N/A")} -> RF
A73: =TEXT(Table1[[#This Row],[Date]],"yyyymmdd") & "_" & (LEFT(D73,3) & "_" & LEFT(E73,3) & "_" & (Table1[[#This Row],[Game_no.]])) -> 20260208_Emo_Con_1 | B73: 46061 | C73: 1 | D73: Emory & Henry | E73: Concord | F73: Concord | G73: Emory & Henry | H73: R.Hintz | I73: =TRIM(SUBSTITUTE(Table1[[#This Row],[Player]], " ", "")) -> R.Hintz | J73: 0 | K73: 0 | L73: 0 | M73: 0 | N73: 0 | O73: 0 | P73: 0 | Q73: 0 | R73: 0 | S73: 0 | T73: 0 | U73: 0 | V73: =L73*1+P73*2+Q73*3+R73*4 -> 0 | W73: P | Y73: 0 | Z73: 4 | AA73: 6 | AB73: 7 | AC73: 4 | AD73: 3 | AE73: 4 | AF73: =Table1[[#This Row],[AB]]+Table1[[#This Row],[BB]]+Table1[[#This Row],[SF]] -> 0 | AG73: =Table1[[#This Row],[H]]+Table1[[#This Row],[BB]] -> 0 | AH73: =Table1[[#This Row],[H]]-Table1[[#This Row],[2B]]-Table1[[#This Row],[3B]]-Table1[[#This Row],[HR]] -> 0 | AI73: =IF(Table1[[#This Row],[Team_Game_Number]] >_xlfn.MAXIFS(Table1[Team_Game_Number],Table1[Team],Table1[[#This Row],[Team]]) - 5,1,0) -> 0 | AJ73: {=MATCH(Table1[[#This Row],[Game_ID]],_xlfn.UNIQUE(_xlfn._xlws.FILTER(Table1[Game_ID],Table1[Team]=Table1[[#This Row],[Team]])),0)} -> 1 | AK73: =IF(Table1[[#This Row],[Last5_Flag]]=1,1,0) -> 0 | AL73: =COUNTIFS( Table1[Player Name], Table1[[#This Row],[Player Name]], Table1[Position], Table1[[#This Row],[Position]] ) -> 14 | AM73: {=IFERROR( _xlfn.LET( _xlpm.player, Table1[[#This Row],[Player Name]], _xlpm.uPos, _xlfn.UNIQUE(_xlfn._xlws.FILTER(Table1[Position], Table1[Player Name]=_xlpm.player)), _xlpm.counts, _xlfn.MAP(_xlpm.uPos, _xlfn.LAMBDA(_xlpm.p, COUNTIFS(Table1[Player Name], _xlpm.player, Table1[Position], _xlpm.p))), INDEX(_xlpm.uPos, MATCH(MAX(_xlpm.counts), _xlpm.counts, 0)) ), "N/A")} -> P
A74: =TEXT(Table1[[#This Row],[Date]],"yyyymmdd") & "_" & (LEFT(D74,3) & "_" & LEFT(E74,3) & "_" & (Table1[[#This Row],[Game_no.]])) -> 20260208_Mar_D&E_1 | B74: 46061 | C74: 1 | D74: Mars Hill | E74: D&E | F74: D&E | G74: Mars Hill | H74: A.Haynes | I74: =TRIM(SUBSTITUTE(Table1[[#This Row],[Player]], " ", "")) -> A.Haynes | J74: 5 | K74: 1 | L74: 1 | M74: 0 | N74: 0 | O74: 2 | P74: 1 | Q74: 0 | R74: 0 | S74: 0 | T74: 0 | U74: 0 | V74: =L74*1+P74*2+Q74*3+R74*4 -> 3 | W74: LF | X74: 1 | Y74: 0 | AF74: =Table1[[#This Row],[AB]]+Table1[[#This Row],[BB]]+Table1[[#This Row],[SF]] -> 5 | AG74: =Table1[[#This Row],[H]]+Table1[[#This Row],[BB]] -> 1 | AH74: =Table1[[#This Row],[H]]-Table1[[#This Row],[2B]]-Table1[[#This Row],[3B]]-Table1[[#This Row],[HR]] -> 0 | AI74: =IF(Table1[[#This Row],[Team_Game_Number]] >_xlfn.MAXIFS(Table1[Team_Game_Number],Table1[Team],Table1[[#This Row],[Team]]) - 5,1,0) -> 0 | AJ74: {=MATCH(Table1[[#This Row],[Game_ID]],_xlfn.UNIQUE(_xlfn._xlws.FILTER(Table1[Game_ID],Table1[Team]=Table1[[#This Row],[Team]])),0)} -> 4 | AK74: =IF(Table1[[#This Row],[Last5_Flag]]=1,1,0) -> 0 | AL74: =COUNTIFS( Table1[Player Name], Table1[[#This Row],[Player Name]], Table1[Position], Table1[[#This Row],[Position]] ) -> 17 | AM74: {=IFERROR( _xlfn.LET( _xlpm.player, Table1[[#This Row],[Player Name]], _xlpm.uPos, _xlfn.UNIQUE(_xlfn._xlws.FILTER(Table1[Position], Table1[Player Name]=_xlpm.player)), _xlpm.counts, _xlfn.MAP(_xlpm.uPos, _xlfn.LAMBDA(_xlpm.p, COUNTIFS(Table1[Player Name], _xlpm.player, Table1[Position], _xlpm.p))), INDEX(_xlpm.uPos, MATCH(MAX(_xlpm.counts), _xlpm.counts, 0)) ), "N/A")} -> LF
A75: =TEXT(Table1[[#This Row],[Date]],"yyyymmdd") & "_" & (LEFT(D75,3) & "_" & LEFT(E75,3) & "_" & (Table1[[#This Row],[Game_no.]])) -> 20260208_Mar_D&E_1 | B75: 46061 | C75: 1 | D75: Mars Hill | E75: D&E | F75: D&E | G75: Mars Hill | H75: G.Wessling | I75: =TRIM(SUBSTITUTE(Table1[[#This Row],[Player]], " ", "")) -> G.Wessling | J75: 4 | K75: 1 | L75: 1 | M75: 0 | N75: 1 | O75: 1 | P75: 1 | Q75: 0 | R75: 0 | S75: 0 | T75: 0 | U75: 0 | V75: =L75*1+P75*2+Q75*3+R75*4 -> 3 | W75: C | X75: 2 | Y75: 0 | AF75: =Table1[[#This Row],[AB]]+Table1[[#This Row],[BB]]+Table1[[#This Row],[SF]] -> 5 | AG75: =Table1[[#This Row],[H]]+Table1[[#This Row],[BB]] -> 2 | AH75: =Table1[[#This Row],[H]]-Table1[[#This Row],[2B]]-Table1[[#This Row],[3B]]-Table1[[#This Row],[HR]] -> 0 | AI75: =IF(Table1[[#This Row],[Team_Game_Number]] >_xlfn.MAXIFS(Table1[Team_Game_Number],Table1[Team],Table1[[#This Row],[Team]]) - 5,1,0) -> 0 | AJ75: {=MATCH(Table1[[#This Row],[Game_ID]],_xlfn.UNIQUE(_xlfn._xlws.FILTER(Table1[Game_ID],Table1[Team]=Table1[[#This Row],[Team]])),0)} -> 4 | AK75: =IF(Table1[[#This Row],[Last5_Flag]]=1,1,0) -> 0 | AL75: =COUNTIFS( Table1[Player Name], Table1[[#This Row],[Player Name]], Table1[Position], Table1[[#This Row],[Position]] ) -> 26 | AM75: {=IFERROR( _xlfn.LET( _xlpm.player, Table1[[#This Row],[Player Name]], _xlpm.uPos, _xlfn.UNIQUE(_xlfn._xlws.FILTER(Table1[Position], Table1[Player Name]=_xlpm.player)), _xlpm.counts, _xlfn.MAP(_xlpm.uPos, _xlfn.LAMBDA(_xlpm.p, COUNTIFS(Table1[Player Name], _xlpm.player, Table1[Position], _xlpm.p))), INDEX(_xlpm.uPos, MATCH(MAX(_xlpm.counts), _xlpm.counts, 0)) ), "N/A")} -> C
A76: =TEXT(Table1[[#This Row],[Date]],"yyyymmdd") & "_" & (LEFT(D76,3) & "_" & LEFT(E76,3) & "_" & (Table1[[#This Row],[Game_no.]])) -> 20260208_Mar_D&E_1 | B76: 46061 | C76: 1 | D76: Mars Hill | E76: D&E | F76: D&E | G76: Mars Hill | H76: A.Zapach | I76: =TRIM(SUBSTITUTE(Table1[[#This Row],[Player]], " ", "")) -> A.Zapach | J76: 4 | K76: 0 | L76: 0 | M76: 0 | N76: 1 | O76: 2 | P76: 0 | Q76: 0 | R76: 0 | S76: 0 | T76: 0 | U76: 0 | V76: =L76*1+P76*2+Q76*3+R76*4 -> 0 | W76: 1B | X76: 3 | Y76: 0 | AF76: =Table1[[#This Row],[AB]]+Table1[[#This Row],[BB]]+Table1[[#This Row],[SF]] -> 5 | AG76: =Table1[[#This Row],[H]]+Table1[[#This Row],[BB]] -> 1 | AH76: =Table1[[#This Row],[H]]-Table1[[#This Row],[2B]]-Table1[[#This Row],[3B]]-Table1[[#This Row],[HR]] -> 0 | AI76: =IF(Table1[[#This Row],[Team_Game_Number]] >_xlfn.MAXIFS(Table1[Team_Game_Number],Table1[Team],Table1[[#This Row],[Team]]) - 5,1,0) -> 0 | AJ76: {=MATCH(Table1[[#This Row],[Game_ID]],_xlfn.UNIQUE(_xlfn._xlws.FILTER(Table1[Game_ID],Table1[Team]=Table1[[#This Row],[Team]])),0)} -> 4 | AK76: =IF(Table1[[#This Row],[Last5_Flag]]=1,1,0) -> 0 | AL76: =COUNTIFS( Table1[Player Name], Table1[[#This Row],[Player Name]], Table1[Position], Table1[[#This Row],[Position]] ) -> 27 | AM76: {=IFERROR( _xlfn.LET( _xlpm.player, Table1[[#This Row],[Player Name]], _xlpm.uPos, _xlfn.UNIQUE(_xlfn._xlws.FILTER(Table1[Position], Table1[Player Name]=_xlpm.player)), _xlpm.counts, _xlfn.MAP(_xlpm.uPos, _xlfn.LAMBDA(_xlpm.p, COUNTIFS(Table1[Player Name], _xlpm.player, Table1[Position], _xlpm.p))), INDEX(_xlpm.uPos, MATCH(MAX(_xlpm.counts), _xlpm.counts, 0)) ), "N/A")} -> 1B
A77: =TEXT(Table1[[#This Row],[Date]],"yyyymmdd") & "_" & (LEFT(D77,3) & "_" & LEFT(E77,3) & "_" & (Table1[[#This Row],[Game_no.]])) -> 20260208_Mar_D&E_1 | B77: 46061 | C77: 1 | D77: Mars Hill | E77: D&E | F77: D&E | G77: Mars Hill | H77: C.Warfield | I77: =TRIM(SUBSTITUTE(Table1[[#This Row],[Player]], " ", "")) -> C.Warfield | J77: 0 | K77: 0 | L77: 0 | M77: 0 | N77: 0 | O77: 0 | P77: 0 | Q77: 0 | R77: 0 | S77: 0 | T77: 0 | U77: 0 | V77: =L77*1+P77*2+Q77*3+R77*4 -> 0 | W77: PR | Y77: 0 | AF77: =Table1[[#This Row],[AB]]+Table1[[#This Row],[BB]]+Table1[[#This Row],[SF]] -> 0 | AG77: =Table1[[#This Row],[H]]+Table1[[#This Row],[BB]] -> 0 | AH77: =Table1[[#This Row],[H]]-Table1[[#This Row],[2B]]-Table1[[#This Row],[3B]]-Table1[[#This Row],[HR]] -> 0 | AI77: =IF(Table1[[#This Row],[Team_Game_Number]] >_xlfn.MAXIFS(Table1[Team_Game_Number],Table1[Team],Table1[[#This Row],[Team]]) - 5,1,0) -> 0 | AJ77: {=MATCH(Table1[[#This Row],[Game_ID]],_xlfn.UNIQUE(_xlfn._xlws.FILTER(Table1[Game_ID],Table1[Team]=Table1[[#This Row],[Team]])),0)} -> 4 | AK77: =IF(Table1[[#This Row],[Last5_Flag]]=1,1,0) -> 0 | AL77: =COUNTIFS( Table1[Player Name], Table1[[#This Row],[Player Name]], Table1[Position], Table1[[#This Row],[Position]] ) -> 5 | AM77: {=IFERROR( _xlfn.LET( _xlpm.player, Table1[[#This Row],[Player Name]], _xlpm.uPos, _xlfn.UNIQUE(_xlfn._xlws.FILTER(Table1[Position], Table1[Player Name]=_xlpm.player)), _xlpm.counts, _xlfn.MAP(_xlpm.uPos, _xlfn.LAMBDA(_xlpm.p, COUNTIFS(Table1[Player Name], _xlpm.player, Table1[Position], _xlpm.p))), INDEX(_xlpm.uPos, MATCH(MAX(_xlpm.counts), _xlpm.counts, 0)) ), "N/A")} -> CF
A78: =TEXT(Table1[[#This Row],[Date]],"yyyymmdd") & "_" & (LEFT(D78,3) & "_" & LEFT(E78,3) & "_" & (Table1[[#This Row],[Game_no.]])) -> 20260208_Mar_D&E_1 | B78: 46061 | C78: 1 | D78: Mars Hill | E78: D&E | F78: D&E | G78: Mars Hill | H78: C.Dobbs | I78: =TRIM(SUBSTITUTE(Table1[[#This Row],[Player]], " ", "")) -> C.Dobbs | J78: 4 | K78: 2 | L78: 3 | M78: 1 | N78: 0 | O78: 0 | P78: 1 | Q78: 0 | R78: 0 | S78: 0 | T78: 0 | U78: 0 | V78: =L78*1+P78*2+Q78*3+R78*4 -> 5 | W78: SS | X78: 4 | Y78: 0 | AF78: =Table1[[#This Row],[AB]]+Table1[[#This Row],[BB]]+Table1[[#This Row],[SF]] -> 4 | AG78: =Table1[[#This Row],[H]]+Table1[[#This Row],[BB]] -> 3 | AH78: =Table1[[#This Row],[H]]-Table1[[#This Row],[2B]]-Table1[[#This Row],[3B]]-Table1[[#This Row],[HR]] -> 2 | AI78: =IF(Table1[[#This Row],[Team_Game_Number]] >_xlfn.MAXIFS(Table1[Team_Game_Number],Table1[Team],Table1[[#This Row],[Team]]) - 5,1,0) -> 0 | AJ78: {=MATCH(Table1[[#This Row],[Game_ID]],_xlfn.UNIQUE(_xlfn._xlws.FILTER(Table1[Game_ID],Table1[Team]=Table1[[#This Row],[Team]])),0)} -> 4 | AK78: =IF(Table1[[#This Row],[Last5_Flag]]=1,1,0) -> 0 | AL78: =COUNTIFS( Table1[Player Name], Table1[[#This Row],[Player Name]], Table1[Position], Table1[[#This Row],[Position]] ) -> 4 | AM78: {=IFERROR( _xlfn.LET( _xlpm.player, Table1[[#This Row],[Player Name]], _xlpm.uPos, _xlfn.UNIQUE(_xlfn._xlws.FILTER(Table1[Position], Table1[Player Name]=_xlpm.player)), _xlpm.counts, _xlfn.MAP(_xlpm.uPos, _xlfn.LAMBDA(_xlpm.p, COUNTIFS(Table1[Player Name], _xlpm.player, Table1[Position], _xlpm.p))), INDEX(_xlpm.uPos, MATCH(MAX(_xlpm.counts), _xlpm.counts, 0)) ), "N/A")} -> SS
A79: =TEXT(Table1[[#This Row],[Date]],"yyyymmdd") & "_" & (LEFT(D79,3) & "_" & LEFT(E79,3) & "_" & (Table1[[#This Row],[Game_no.]])) -> 20260208_Mar_D&E_1 | B79: 46061 | C79: 1 | D79: Mars Hill | E79: D&E | F79: D&E | G79: Mars Hill | H79: T.Fleming | I79: =TRIM(SUBSTITUTE(Table1[[#This Row],[Player]], " ", "")) -> T.Fleming | J79: 4 | K79: 0 | L79: 2 | M79: 2 | N79: 0 | O79: 0 | P79: 0 | Q79: 0 | R79: 0 | S79: 0 | T79: 0 | U79: 0 | V79: =L79*1+P79*2+Q79*3+R79*4 -> 2 | W79: DP | X79: 5 | Y79: 0 | AF79: =Table1[[#This Row],[AB]]+Table1[[#This Row],[BB]]+Table1[[#This Row],[SF]] -> 4 | AG79: =Table1[[#This Row],[H]]+Table1[[#This Row],[BB]] -> 2 | AH79: =Table1[[#This Row],[H]]-Table1[[#This Row],[2B]]-Table1[[#This Row],[3B]]-Table1[[#This Row],[HR]] -> 2 | AI79: =IF(Table1[[#This Row],[Team_Game_Number]] >_xlfn.MAXIFS(Table1[Team_Game_Number],Table1[Team],Table1[[#This Row],[Team]]) - 5,1,0) -> 0 | AJ79: {=MATCH(Table1[[#This Row],[Game_ID]],_xlfn.UNIQUE(_xlfn._xlws.FILTER(Table1[Game_ID],Table1[Team]=Table1[[#This Row],[Team]])),0)} -> 4 | AK79: =IF(Table1[[#This Row],[Last5_Flag]]=1,1,0) -> 0 | AL79: =COUNTIFS( Table1[Player Name], Table1[[#This Row],[Player Name]], Table1[Position], Table1[[#This Row],[Position]] ) -> 11 | AM79: {=IFERROR( _xlfn.LET( _xlpm.player, Table1[[#This Row],[Player Name]], _xlpm.uPos, _xlfn.UNIQUE(_xlfn._xlws.FILTER(Table1[Position], Table1[Player Name]=_xlpm.player)), _xlpm.counts, _xlfn.MAP(_xlpm.uPos, _xlfn.LAMBDA(_xlpm.p, COUNTIFS(Table1[Player Name], _xlpm.player, Table1[Position], _xlpm.p))), INDEX(_xlpm.uPos, MATCH(MAX(_xlpm.counts), _xlpm.counts, 0)) ), "N/A")} -> 2B
A80: =TEXT(Table1[[#This Row],[Date]],"yyyymmdd") & "_" & (LEFT(D80,3) & "_" & LEFT(E80,3) & "_" & (Table1[[#This Row],[Game_no.]])) -> 20260208_Mar_D&E_1 | B80: 46061 | C80: 1 | D80: Mars Hill | E80: D&E | F80: D&E | G80: Mars Hill | H80: M.Henkle | I80: =TRIM(SUBSTITUTE(Table1[[#This Row],[Player]], " ", "")) -> M.Henkle | J80: 3 | K80: 0 | L80: 0 | M80: 0 | N80: 0 | O80: 0 | P80: 0 | Q80: 0 | R80: 0 | S80: 0 | T80: 0 | U80: 0 | V80: =L80*1+P80*2+Q80*3+R80*4 -> 0 | W80: 3B | X80: 6 | Y80: 1 | AF80: =Table1[[#This Row],[AB]]+Table1[[#This Row],[BB]]+Table1[[#This Row],[SF]] -> 3 | AG80: =Table1[[#This Row],[H]]+Table1[[#This Row],[BB]] -> 0 | AH80: =Table1[[#This Row],[H]]-Table1[[#This Row],[2B]]-Table1[[#This Row],[3B]]-Table1[[#This Row],[HR]] -> 0 | AI80: =IF(Table1[[#This Row],[Team_Game_Number]] >_xlfn.MAXIFS(Table1[Team_Game_Number],Table1[Team],Table1[[#This Row],[Team]]) - 5,1,0) -> 0 | AJ80: {=MATCH(Table1[[#This Row],[Game_ID]],_xlfn.UNIQUE(_xlfn._xlws.FILTER(Table1[Game_ID],Table1[Team]=Table1[[#This Row],[Team]])),0)} -> 4 | AK80: =IF(Table1[[#This Row],[Last5_Flag]]=1,1,0) -> 0 | AL80: =COUNTIFS( Table1[Player Name], Table1[[#This Row],[Player Name]], Table1[Position], Table1[[#This Row],[Position]] ) -> 13 | AM80: {=IFERROR( _xlfn.LET( _xlpm.player, Table1[[#This Row],[Player Name]], _xlpm.uPos, _xlfn.UNIQUE(_xlfn._xlws.FILTER(Table1[Position], Table1[Player Name]=_xlpm.player)), _xlpm.counts, _xlfn.MAP(_xlpm.uPos, _xlfn.LAMBDA(_xlpm.p, COUNTIFS(Table1[Player Name], _xlpm.player, Table1[Position], _xlpm.p))), INDEX(_xlpm.uPos, MATCH(MAX(_xlpm.counts), _xlpm.counts, 0)) ), "N/A")} -> 3B
A81: =TEXT(Table1[[#This Row],[Date]],"yyyymmdd") & "_" & (LEFT(D81,3) & "_" & LEFT(E81,3) & "_" & (Table1[[#This Row],[Game_no.]])) -> 20260208_Mar_D&E_1 | B81: 46061 | C81: 1 | D81: Mars Hill | E81: D&E | F81: D&E | G81: Mars Hill | H81: M.Smith | I81: =TRIM(SUBSTITUTE(Table1[[#This Row],[Player]], " ", "")) -> M.Smith | J81: 4 | K81: 0 | L81: 0 | M81: 0 | N81: 0 | O81: 0 | P81: 0 | Q81: 0 | R81: 0 | S81: 0 | T81: 0 | U81: 0 | V81: =L81*1+P81*2+Q81*3+R81*4 -> 0 | W81: RF | X81: 7 | Y81: 0 | AF81: =Table1[[#This Row],[AB]]+Table1[[#This Row],[BB]]+Table1[[#This Row],[SF]] -> 4 | AG81: =Table1[[#This Row],[H]]+Table1[[#This Row],[BB]] -> 0 | AH81: =Table1[[#This Row],[H]]-Table1[[#This Row],[2B]]-Table1[[#This Row],[3B]]-Table1[[#This Row],[HR]] -> 0 | AI81: =IF(Table1[[#This Row],[Team_Game_Number]] >_xlfn.MAXIFS(Table1[Team_Game_Number],Table1[Team],Table1[[#This Row],[Team]]) - 5,1,0) -> 0 | AJ81: {=MATCH(Table1[[#This Row],[Game_ID]],_xlfn.UNIQUE(_xlfn._xlws.FILTER(Table1[Game_ID],Table1[Team]=Table1[[#This Row],[Team]])),0)} -> 4 | AK81: =IF(Table1[[#This Row],[Last5_Flag]]=1,1,0) -> 0 | AL81: =COUNTIFS( Table1[Player Name], Table1[[#This Row],[Player Name]], Table1[Position], Table1[[#This Row],[Position]] ) -> 21 | AM81: {=IFERROR( _xlfn.LET( _xlpm.player, Table1[[#This Row],[Player Name]], _xlpm.uPos, _xlfn.UNIQUE(_xlfn._xlws.FILTER(Table1[Position], Table1[Player Name]=_xlpm.player)), _xlpm.counts, _xlfn.MAP(_xlpm.uPos, _xlfn.LAMBDA(_xlpm.p, COUNTIFS(Table1[Player Name], _xlpm.player, Table1[Position], _xlpm.p))), INDEX(_xlpm.uPos, MATCH(MAX(_xlpm.counts), _xlpm.counts, 0)) ), "N/A")} -> RF
A82: =TEXT(Table1[[#This Row],[Date]],"yyyymmdd") & "_" & (LEFT(D82,3) & "_" & LEFT(E82,3) & "_" & (Table1[[#This Row],[Game_no.]])) -> 20260208_Mar_D&E_1 | B82: 46061 | C82: 1 | D82: Mars Hill | E82: D&E | F82: D&E | G82: Mars Hill | H82: M.Ledesma | I82: =TRIM(SUBSTITUTE(Table1[[#This Row],[Player]], " ", "")) -> M.Ledesma | J82: 2 | K82: 0 | L82: 0 | M82: 0 | N82: 1 | O82: 0 | P82: 0 | Q82: 0 | R82: 0 | S82: 0 | T82: 0 | U82: 0 | V82: =L82*1+P82*2+Q82*3+R82*4 -> 0 | W82: 2B | X82: 8 | Y82: 1 | AF82: =Table1[[#This Row],[AB]]+Table1[[#This Row],[BB]]+Table1[[#This Row],[SF]] -> 3 | AG82: =Table1[[#This Row],[H]]+Table1[[#This Row],[BB]] -> 1 | AH82: =Table1[[#This Row],[H]]-Table1[[#This Row],[2B]]-Table1[[#This Row],[3B]]-Table1[[#This Row],[HR]] -> 0 | AI82: =IF(Table1[[#This Row],[Team_Game_Number]] >_xlfn.MAXIFS(Table1[Team_Game_Number],Table1[Team],Table1[[#This Row],[Team]]) - 5,1,0) -> 0 | AJ82: {=MATCH(Table1[[#This Row],[Game_ID]],_xlfn.UNIQUE(_xlfn._xlws.FILTER(Table1[Game_ID],Table1[Team]=Table1[[#This Row],[Team]])),0)} -> 4 | AK82: =IF(Table1[[#This Row],[Last5_Flag]]=1,1,0) -> 0 | AL82: =COUNTIFS( Table1[Player Name], Table1[[#This Row],[Player Name]], Table1[Position], Table1[[#This Row],[Position]] ) -> 9 | AM82: {=IFERROR( _xlfn.LET( _xlpm.player, Table1[[#This Row],[Player Name]], _xlpm.uPos, _xlfn.UNIQUE(_xlfn._xlws.FILTER(Table1[Position], Table1[Player Name]=_xlpm.player)), _xlpm.counts, _xlfn.MAP(_xlpm.uPos, _xlfn.LAMBDA(_xlpm.p, COUNTIFS(Table1[Player Name], _xlpm.player, Table1[Position], _xlpm.p))), INDEX(_xlpm.uPos, MATCH(MAX(_xlpm.counts), _xlpm.counts, 0)) ), "N/A")} -> 2B
A83: =TEXT(Table1[[#This Row],[Date]],"yyyymmdd") & "_" & (LEFT(D83,3) & "_" & LEFT(E83,3) & "_" & (Table1[[#This Row],[Game_no.]])) -> 20260208_Mar_D&E_1 | B83: 46061 | C83: 1 | D83: Mars Hill | E83: D&E | F83: D&E | G83: Mars Hill | H83: L.Ruiz-Rubio | I83: =TRIM(SUBSTITUTE(Table1[[#This Row],[Player]], " ", "")) -> L.Ruiz-Rubio | J83: 1 | K83: 0 | L83: 0 | M83: 0 | N83: 0 | O83: 0 | P83: 0 | Q83: 0 | R83: 0 | S83: 0 | T83: 0 | U83: 0 | V83: =L83*1+P83*2+Q83*3+R83*4 -> 0 | W83: PH | X83: 8 | Y83: 0 | AF83: =Table1[[#This Row],[AB]]+Table1[[#This Row],[BB]]+Table1[[#This Row],[SF]] -> 1 | AG83: =Table1[[#This Row],[H]]+Table1[[#This Row],[BB]] -> 0 | AH83: =Table1[[#This Row],[H]]-Table1[[#This Row],[2B]]-Table1[[#This Row],[3B]]-Table1[[#This Row],[HR]] -> 0 | AI83: =IF(Table1[[#This Row],[Team_Game_Number]] >_xlfn.MAXIFS(Table1[Team_Game_Number],Table1[Team],Table1[[#This Row],[Team]]) - 5,1,0) -> 0 | AJ83: {=MATCH(Table1[[#This Row],[Game_ID]],_xlfn.UNIQUE(_xlfn._xlws.FILTER(Table1[Game_ID],Table1[Team]=Table1[[#This Row],[Team]])),0)} -> 4 | AK83: =IF(Table1[[#This Row],[Last5_Flag]]=1,1,0) -> 0 | AL83: =COUNTIFS( Table1[Player Name], Table1[[#This Row],[Player Name]], Table1[Position], Table1[[#This Row],[Position]] ) -> 3 | AM83: {=IFERROR( _xlfn.LET( _xlpm.player, Table1[[#This Row],[Player Name]], _xlpm.uPos, _xlfn.UNIQUE(_xlfn._xlws.FILTER(Table1[Position], Table1[Player Name]=_xlpm.player)), _xlpm.counts, _xlfn.MAP(_xlpm.uPos, _xlfn.LAMBDA(_xlpm.p, COUNTIFS(Table1[Player Name], _xlpm.player, Table1[Position], _xlpm.p))), INDEX(_xlpm.uPos, MATCH(MAX(_xlpm.counts), _xlpm.counts, 0)) ), "N/A")} -> 3B
A84: =TEXT(Table1[[#This Row],[Date]],"yyyymmdd") & "_" & (LEFT(D84,3) & "_" & LEFT(E84,3) & "_" & (Table1[[#This Row],[Game_no.]])) -> 20260208_Mar_D&E_1 | B84: 46061 | C84: 1 | D84: Mars Hill | E84: D&E | F84: D&E | G84: Mars Hill | H84: A.Belcher | I84: =TRIM(SUBSTITUTE(Table1[[#This Row],[Player]], " ", "")) -> A.Belcher | J84: 3 | K84: 0 | L84: 1 | M84: 0 | N84: 1 | O84: 1 | P84: 0 | Q84: 0 | R84: 0 | S84: 1 | T84: 0 | U84: 0 | V84: =L84*1+P84*2+Q84*3+R84*4 -> 1 | W84: CF | X84: 9 | Y84: 0 | AF84: =Table1[[#This Row],[AB]]+Table1[[#This Row],[BB]]+Table1[[#This Row],[SF]] -> 4 | AG84: =Table1[[#This Row],[H]]+Table1[[#This Row],[BB]] -> 2 | AH84: =Table1[[#This Row],[H]]-Table1[[#This Row],[2B]]-Table1[[#This Row],[3B]]-Table1[[#This Row],[HR]] -> 1 | AI84: =IF(Table1[[#This Row],[Team_Game_Number]] >_xlfn.MAXIFS(Table1[Team_Game_Number],Table1[Team],Table1[[#This Row],[Team]]) - 5,1,0) -> 0 | AJ84: {=MATCH(Table1[[#This Row],[Game_ID]],_xlfn.UNIQUE(_xlfn._xlws.FILTER(Table1[Game_ID],Table1[Team]=Table1[[#This Row],[Team]])),0)} -> 4 | AK84: =IF(Table1[[#This Row],[Last5_Flag]]=1,1,0) -> 0 | AL84: =COUNTIFS( Table1[Player Name], Table1[[#This Row],[Player Name]], Table1[Position], Table1[[#This Row],[Position]] ) -> 19 | AM84: {=IFERROR( _xlfn.LET( _xlpm.player, Table1[[#This Row],[Player Name]], _xlpm.uPos, _xlfn.UNIQUE(_xlfn._xlws.FILTER(Table1[Position], Table1[Player Name]=_xlpm.player)), _xlpm.counts, _xlfn.MAP(_xlpm.uPos, _xlfn.LAMBDA(_xlpm.p, COUNTIFS(Table1[Player Name], _xlpm.player, Table1[Position], _xlpm.p))), INDEX(_xlpm.uPos, MATCH(MAX(_xlpm.counts), _xlpm.counts, 0)) ), "N/A")} -> CF
A85: =TEXT(Table1[[#This Row],[Date]],"yyyymmdd") & "_" & (LEFT(D85,3) & "_" & LEFT(E85,3) & "_" & (Table1[[#This Row],[Game_no.]])) -> 20260208_Mar_D&E_1 | B85: 46061 | C85: 1 | D85: Mars Hill | E85: D&E | F85: D&E | G85: Mars Hill | H85: S.Jarvis | I85: =TRIM(SUBSTITUTE(Table1[[#This Row],[Player]], " ", "")) -> S.Jarvis | J85: 0 | K85: 0 | L85: 0 | M85: 0 | N85: 0 | O85: 0 | P85: 0 | Q85: 0 | R85: 0 | S85: 0 | T85: 0 | U85: 0 | V85: =L85*1+P85*2+Q85*3+R85*4 -> 0 | W85: P | Y85: 0 | Z85: 4 | AA85: 7 | AB85: 4 | AC85: 4 | AD85: 2 | AE85: 2 | AF85: =Table1[[#This Row],[AB]]+Table1[[#This Row],[BB]]+Table1[[#This Row],[SF]] -> 0 | AG85: =Table1[[#This Row],[H]]+Table1[[#This Row],[BB]] -> 0 | AH85: =Table1[[#This Row],[H]]-Table1[[#This Row],[2B]]-Table1[[#This Row],[3B]]-Table1[[#This Row],[HR]] -> 0 | AI85: =IF(Table1[[#This Row],[Team_Game_Number]] >_xlfn.MAXIFS(Table1[Team_Game_Number],Table1[Team],Table1[[#This Row],[Team]]) - 5,1,0) -> 0 | AJ85: {=MATCH(Table1[[#This Row],[Game_ID]],_xlfn.UNIQUE(_xlfn._xlws.FILTER(Table1[Game_ID],Table1[Team]=Table1[[#This Row],[Team]])),0)} -> 4 | AK85: =IF(Table1[[#This Row],[Last5_Flag]]=1,1,0) -> 0 | AL85: =COUNTIFS( Table1[Player Name], Table1[[#This Row],[Player Name]], Table1[Position], Table1[[#This Row],[Position]] ) -> 11 | AM85: {=IFERROR( _xlfn.LET( _xlpm.player, Table1[[#This Row],[Player Name]], _xlpm.uPos, _xlfn.UNIQUE(_xlfn._xlws.FILTER(Table1[Position], Table1[Player Name]=_xlpm.player)), _xlpm.counts, _xlfn.MAP(_xlpm.uPos, _xlfn.LAMBDA(_xlpm.p, COUNTIFS(Table1[Player Name], _xlpm.player, Table1[Position], _xlpm.p))), INDEX(_xlpm.uPos, MATCH(MAX(_xlpm.counts), _xlpm.counts, 0)) ), "N/A")} -> P
A86: =TEXT(Table1[[#This Row],[Date]],"yyyymmdd") & "_" & (LEFT(D86,3) & "_" & LEFT(E86,3) & "_" & (Table1[[#This Row],[Game_no.]])) -> 20260208_Mar_D&E_1 | B86: 46061 | C86: 1 | D86: Mars Hill | E86: D&E | F86: D&E | G86: Mars Hill | H86: K.Tellings | I86: =TRIM(SUBSTITUTE(Table1[[#This Row],[Player]], " ", "")) -> K.Tellings | J86: 0 | K86: 0 | L86: 0 | M86: 0 | N86: 0 | O86: 0 | P86: 0 | Q86: 0 | R86: 0 | S86: 0 | T86: 0 | U86: 0 | V86: =L86*1+P86*2+Q86*3+R86*4 -> 0 | W86: P | Y86: 0 | Z86: 3.333 | AA86: 2 | AB86: 6 | AC86: 4 | AD86: 6 | AE86: 0 | AF86: =Table1[[#This Row],[AB]]+Table1[[#This Row],[BB]]+Table1[[#This Row],[SF]] -> 0 | AG86: =Table1[[#This Row],[H]]+Table1[[#This Row],[BB]] -> 0 | AH86: =Table1[[#This Row],[H]]-Table1[[#This Row],[2B]]-Table1[[#This Row],[3B]]-Table1[[#This Row],[HR]] -> 0 | AI86: =IF(Table1[[#This Row],[Team_Game_Number]] >_xlfn.MAXIFS(Table1[Team_Game_Number],Table1[Team],Table1[[#This Row],[Team]]) - 5,1,0) -> 0 | AJ86: {=MATCH(Table1[[#This Row],[Game_ID]],_xlfn.UNIQUE(_xlfn._xlws.FILTER(Table1[Game_ID],Table1[Team]=Table1[[#This Row],[Team]])),0)} -> 4 | AK86: =IF(Table1[[#This Row],[Last5_Flag]]=1,1,0) -> 0 | AL86: =COUNTIFS( Table1[Player Name], Table1[[#This Row],[Player Name]], Table1[Position], Table1[[#This Row],[Position]] ) -> 8 | AM86: {=IFERROR( _xlfn.LET( _xlpm.player, Table1[[#This Row],[Player Name]], _xlpm.uPos, _xlfn.UNIQUE(_xlfn._xlws.FILTER(Table1[Position], Table1[Player Name]=_xlpm.player)), _xlpm.counts, _xlfn.MAP(_xlpm.uPos, _xlfn.LAMBDA(_xlpm.p, COUNTIFS(Table1[Player Name], _xlpm.player, Table1[Position], _xlpm.p))), INDEX(_xlpm.uPos, MATCH(MAX(_xlpm.counts), _xlpm.counts, 0)) ), "N/A")} -> P
A87: =TEXT(Table1[[#This Row],[Date]],"yyyymmdd") & "_" & (LEFT(D87,3) & "_" & LEFT(E87,3) & "_" & (Table1[[#This Row],[Game_no.]])) -> 20260208_Mar_D&E_1 | B87: 46061 | C87: 1 | D87: Mars Hill | E87: D&E | F87: D&E | G87: Mars Hill | H87: A.Munoz | I87: =TRIM(SUBSTITUTE(Table1[[#This Row],[Player]], " ", "")) -> A.Munoz | J87: 0 | K87: 0 | L87: 0 | M87: 0 | N87: 0 | O87: 0 | P87: 0 | Q87: 0 | R87: 0 | S87: 0 | T87: 0 | U87: 0 | V87: =L87*1+P87*2+Q87*3+R87*4 -> 0 | W87: P | Y87: 0 | Z87: 0.333 | AA87: 2 | AB87: 2 | AC87: 2 | AD87: 0 | AE87: 0 | AF87: =Table1[[#This Row],[AB]]+Table1[[#This Row],[BB]]+Table1[[#This Row],[SF]] -> 0 | AG87: =Table1[[#This Row],[H]]+Table1[[#This Row],[BB]] -> 0 | AH87: =Table1[[#This Row],[H]]-Table1[[#This Row],[2B]]-Table1[[#This Row],[3B]]-Table1[[#This Row],[HR]] -> 0 | AI87: =IF(Table1[[#This Row],[Team_Game_Number]] >_xlfn.MAXIFS(Table1[Team_Game_Number],Table1[Team],Table1[[#This Row],[Team]]) - 5,1,0) -> 0 | AJ87: {=MATCH(Table1[[#This Row],[Game_ID]],_xlfn.UNIQUE(_xlfn._xlws.FILTER(Table1[Game_ID],Table1[Team]=Table1[[#This Row],[Team]])),0)} -> 4 | AK87: =IF(Table1[[#This Row],[Last5_Flag]]=1,1,0) -> 0 | AL87: =COUNTIFS( Table1[Player Name], Table1[[#This Row],[Player Name]], Table1[Position], Table1[[#This Row],[Position]] ) -> 10 | AM87: {=IFERROR( _xlfn.LET( _xlpm.player, Table1[[#This Row],[Player Name]], _xlpm.uPos, _xlfn.UNIQUE(_xlfn._xlws.FILTER(Table1[Position], Table1[Player Name]=_xlpm.player)), _xlpm.counts, _xlfn.MAP(_xlpm.uPos, _xlfn.LAMBDA(_xlpm.p, COUNTIFS(Table1[Player Name], _xlpm.player, Table1[Position], _xlpm.p))), INDEX(_xlpm.uPos, MATCH(MAX(_xlpm.counts), _xlpm.counts, 0)) ), "N/A")} -> P
A88: =TEXT(Table1[[#This Row],[Date]],"yyyymmdd") & "_" & (LEFT(D88,3) & "_" & LEFT(E88,3) & "_" & (Table1[[#This Row],[Game_no.]])) -> 20260208_Mar_D&E_1 | B88: 46061 | C88: 1 | D88: Mars Hill | E88: D&E | F88: D&E | G88: Mars Hill | H88: S.Kneeland | I88: =TRIM(SUBSTITUTE(Table1[[#This Row],[Player]], " ", "")) -> S.Kneeland | J88: 0 | K88: 0 | L88: 0 | M88: 0 | N88: 0 | O88: 0 | P88: 0 | Q88: 0 | R88: 0 | S88: 0 | T88: 0 | U88: 0 | V88: =L88*1+P88*2+Q88*3+R88*4 -> 0 | W88: P | Y88: 0 | Z88: 0.333 | AA88: 0 | AB88: 1 | AC88: 0 | AD88: 1 | AE88: 0 | AF88: =Table1[[#This Row],[AB]]+Table1[[#This Row],[BB]]+Table1[[#This Row],[SF]] -> 0 | AG88: =Table1[[#This Row],[H]]+Table1[[#This Row],[BB]] -> 0 | AH88: =Table1[[#This Row],[H]]-Table1[[#This Row],[2B]]-Table1[[#This Row],[3B]]-Table1[[#This Row],[HR]] -> 0 | AI88: =IF(Table1[[#This Row],[Team_Game_Number]] >_xlfn.MAXIFS(Table1[Team_Game_Number],Table1[Team],Table1[[#This Row],[Team]]) - 5,1,0) -> 0 | AJ88: {=MATCH(Table1[[#This Row],[Game_ID]],_xlfn.UNIQUE(_xlfn._xlws.FILTER(Table1[Game_ID],Table1[Team]=Table1[[#This Row],[Team]])),0)} -> 4 | AK88: =IF(Table1[[#This Row],[Last5_Flag]]=1,1,0) -> 0 | AL88: =COUNTIFS( Table1[Player Name], Table1[[#This Row],[Player Name]], Table1[Position], Table1[[#This Row],[Position]] ) -> 17 | AM88: {=IFERROR( _xlfn.LET( _xlpm.player, Table1[[#This Row],[Player Name]], _xlpm.uPos, _xlfn.UNIQUE(_xlfn._xlws.FILTER(Table1[Position], Table1[Player Name]=_xlpm.player)), _xlpm.counts, _xlfn.MAP(_xlpm.uPos, _xlfn.LAMBDA(_xlpm.p, COUNTIFS(Table1[Player Name], _xlpm.player, Table1[Position], _xlpm.p))), INDEX(_xlpm.uPos, MATCH(MAX(_xlpm.counts), _xlpm.counts, 0)) ), "N/A")} -> P
A89: =TEXT(Table1[[#This Row],[Date]],"yyyymmdd") & "_" & (LEFT(D89,3) & "_" & LEFT(E89,3) & "_" & (Table1[[#This Row],[Game_no.]])) -> 20260208_Car_Con_1 | B89: 46061 | C89: 1 | D89: Carson-Newman | E89: Concord | F89: Concord | G89: Carson-Newman | H89: K.Morgan | I89: =TRIM(SUBSTITUTE(Table1[[#This Row],[Player]], " ", "")) -> K.Morgan | J89: 3 | K89: 0 | L89: 0 | M89: 0 | N89: 0 | O89: 2 | P89: 0 | Q89: 0 | R89: 0 | S89: 0 | T89: 0 | U89: 0 | V89: =L89*1+P89*2+Q89*3+R89*4 -> 0 | W89: 3B | X89: 1 | Y89: 1 | AF89: =Table1[[#This Row],[AB]]+Table1[[#This Row],[BB]]+Table1[[#This Row],[SF]] -> 3 | AG89: =Table1[[#This Row],[H]]+Table1[[#This Row],[BB]] -> 0 | AH89: =Table1[[#This Row],[H]]-Table1[[#This Row],[2B]]-Table1[[#This Row],[3B]]-Table1[[#This Row],[HR]] -> 0 | AI89: =IF(Table1[[#This Row],[Team_Game_Number]] >_xlfn.MAXIFS(Table1[Team_Game_Number],Table1[Team],Table1[[#This Row],[Team]]) - 5,1,0) -> 0 | AJ89: {=MATCH(Table1[[#This Row],[Game_ID]],_xlfn.UNIQUE(_xlfn._xlws.FILTER(Table1[Game_ID],Table1[Team]=Table1[[#This Row],[Team]])),0)} -> 2 | AK89: =IF(Table1[[#This Row],[Last5_Flag]]=1,1,0) -> 0 | AL89: =COUNTIFS( Table1[Player Name], Table1[[#This Row],[Player Name]], Table1[Position], Table1[[#This Row],[Position]] ) -> 28 | AM89: {=IFERROR( _xlfn.LET( _xlpm.player, Table1[[#This Row],[Player Name]], _xlpm.uPos, _xlfn.UNIQUE(_xlfn._xlws.FILTER(Table1[Position], Table1[Player Name]=_xlpm.player)), _xlpm.counts, _xlfn.MAP(_xlpm.uPos, _xlfn.LAMBDA(_xlpm.p, COUNTIFS(Table1[Player Name], _xlpm.player, Table1[Position], _xlpm.p))), INDEX(_xlpm.uPos, MATCH(MAX(_xlpm.counts), _xlpm.counts, 0)) ), "N/A")} -> 3B
A90: =TEXT(Table1[[#This Row],[Date]],"yyyymmdd") & "_" & (LEFT(D90,3) & "_" & LEFT(E90,3) & "_" & (Table1[[#This Row],[Game_no.]])) -> 20260208_Car_Con_1 | B90: 46061 | C90: 1 | D90: Carson-Newman | E90: Concord | F90: Concord | G90: Carson-Newman | H90: B.Jamerson | I90: =TRIM(SUBSTITUTE(Table1[[#This Row],[Player]], " ", "")) -> B.Jamerson | J90: 3 | K90: 0 | L90: 0 | M90: 0 | N90: 0 | O90: 2 | P90: 0 | Q90: 0 | R90: 0 | S90: 0 | T90: 0 | U90: 0 | V90: =L90*1+P90*2+Q90*3+R90*4 -> 0 | W90: 1B | X90: 2 | Y90: 0 | AF90: =Table1[[#This Row],[AB]]+Table1[[#This Row],[BB]]+Table1[[#This Row],[SF]] -> 3 | AG90: =Table1[[#This Row],[H]]+Table1[[#This Row],[BB]] -> 0 | AH90: =Table1[[#This Row],[H]]-Table1[[#This Row],[2B]]-Table1[[#This Row],[3B]]-Table1[[#This Row],[HR]] -> 0 | AI90: =IF(Table1[[#This Row],[Team_Game_Number]] >_xlfn.MAXIFS(Table1[Team_Game_Number],Table1[Team],Table1[[#This Row],[Team]]) - 5,1,0) -> 0 | AJ90: {=MATCH(Table1[[#This Row],[Game_ID]],_xlfn.UNIQUE(_xlfn._xlws.FILTER(Table1[Game_ID],Table1[Team]=Table1[[#This Row],[Team]])),0)} -> 2 | AK90: =IF(Table1[[#This Row],[Last5_Flag]]=1,1,0) -> 0 | AL90: =COUNTIFS( Table1[Player Name], Table1[[#This Row],[Player Name]], Table1[Position], Table1[[#This Row],[Position]] ) -> 12 | AM90: {=IFERROR( _xlfn.LET( _xlpm.player, Table1[[#This Row],[Player Name]], _xlpm.uPos, _xlfn.UNIQUE(_xlfn._xlws.FILTER(Table1[Position], Table1[Player Name]=_xlpm.player)), _xlpm.counts, _xlfn.MAP(_xlpm.uPos, _xlfn.LAMBDA(_xlpm.p, COUNTIFS(Table1[Player Name], _xlpm.player, Table1[Position], _xlpm.p))), INDEX(_xlpm.uPos, MATCH(MAX(_xlpm.counts), _xlpm.counts, 0)) ), "N/A")} -> 1B
A91: =TEXT(Table1[[#This Row],[Date]],"yyyymmdd") & "_" & (LEFT(D91,3) & "_" & LEFT(E91,3) & "_" & (Table1[[#This Row],[Game_no.]])) -> 20260208_Car_Con_1 | B91: 46061 | C91: 1 | D91: Carson-Newman | E91: Concord | F91: Concord | G91: Carson-Newman | H91: A.Giles | I91: =TRIM(SUBSTITUTE(Table1[[#This Row],[Player]], " ", "")) -> A.Giles | J91: 3 | K91: 0 | L91: 0 | M91: 0 | N91: 0 | O91: 0 | P91: 0 | Q91: 0 | R91: 0 | S91: 0 | T91: 0 | U91: 0 | V91: =L91*1+P91*2+Q91*3+R91*4 -> 0 | W91: CF | X91: 3 | Y91: 0 | AF91: =Table1[[#This Row],[AB]]+Table1[[#This Row],[BB]]+Table1[[#This Row],[SF]] -> 3 | AG91: =Table1[[#This Row],[H]]+Table1[[#This Row],[BB]] -> 0 | AH91: =Table1[[#This Row],[H]]-Table1[[#This Row],[2B]]-Table1[[#This Row],[3B]]-Table1[[#This Row],[HR]] -> 0 | AI91: =IF(Table1[[#This Row],[Team_Game_Number]] >_xlfn.MAXIFS(Table1[Team_Game_Number],Table1[Team],Table1[[#This Row],[Team]]) - 5,1,0) -> 0 | AJ91: {=MATCH(Table1[[#This Row],[Game_ID]],_xlfn.UNIQUE(_xlfn._xlws.FILTER(Table1[Game_ID],Table1[Team]=Table1[[#This Row],[Team]])),0)} -> 2 | AK91: =IF(Table1[[#This Row],[Last5_Flag]]=1,1,0) -> 0 | AL91: =COUNTIFS( Table1[Player Name], Table1[[#This Row],[Player Name]], Table1[Position], Table1[[#This Row],[Position]] ) -> 27 | AM91: {=IFERROR( _xlfn.LET( _xlpm.player, Table1[[#This Row],[Player Name]], _xlpm.uPos, _xlfn.UNIQUE(_xlfn._xlws.FILTER(Table1[Position], Table1[Player Name]=_xlpm.player)), _xlpm.counts, _xlfn.MAP(_xlpm.uPos, _xlfn.LAMBDA(_xlpm.p, COUNTIFS(Table1[Player Name], _xlpm.player, Table1[Position], _xlpm.p))), INDEX(_xlpm.uPos, MATCH(MAX(_xlpm.counts), _xlpm.counts, 0)) ), "N/A")} -> CF
A92: =TEXT(Table1[[#This Row],[Date]],"yyyymmdd") & "_" & (LEFT(D92,3) & "_" & LEFT(E92,3) & "_" & (Table1[[#This Row],[Game_no.]])) -> 20260208_Car_Con_1 | B92: 46061 | C92: 1 | D92: Carson-Newman | E92: Concord | F92: Concord | G92: Carson-Newman | H92: L.Lewis | I92: =TRIM(SUBSTITUTE(Table1[[#This Row],[Player]], " ", "")) -> L.Lewis | J92: 3 | K92: 1 | L92: 0 | M92: 0 | N92: 0 | O92: 0 | P92: 0 | Q92: 0 | R92: 0 | S92: 0 | T92: 0 | U92: 0 | V92: =L92*1+P92*2+Q92*3+R92*4 -> 0 | W92: SS | X92: 4 | Y92: 1 | AF92: =Table1[[#This Row],[AB]]+Table1[[#This Row],[BB]]+Table1[[#This Row],[SF]] -> 3 | AG92: =Table1[[#This Row],[H]]+Table1[[#This Row],[BB]] -> 0 | AH92: =Table1[[#This Row],[H]]-Table1[[#This Row],[2B]]-Table1[[#This Row],[3B]]-Table1[[#This Row],[HR]] -> 0 | AI92: =IF(Table1[[#This Row],[Team_Game_Number]] >_xlfn.MAXIFS(Table1[Team_Game_Number],Table1[Team],Table1[[#This Row],[Team]]) - 5,1,0) -> 0 | AJ92: {=MATCH(Table1[[#This Row],[Game_ID]],_xlfn.UNIQUE(_xlfn._xlws.FILTER(Table1[Game_ID],Table1[Team]=Table1[[#This Row],[Team]])),0)} -> 2 | AK92: =IF(Table1[[#This Row],[Last5_Flag]]=1,1,0) -> 0 | AL92: =COUNTIFS( Table1[Player Name], Table1[[#This Row],[Player Name]], Table1[Position], Table1[[#This Row],[Position]] ) -> 28 | AM92: {=IFERROR( _xlfn.LET( _xlpm.player, Table1[[#This Row],[Player Name]], _xlpm.uPos, _xlfn.UNIQUE(_xlfn._xlws.FILTER(Table1[Position], Table1[Player Name]=_xlpm.player)), _xlpm.counts, _xlfn.MAP(_xlpm.uPos, _xlfn.LAMBDA(_xlpm.p, COUNTIFS(Table1[Player Name], _xlpm.player, Table1[Position], _xlpm.p))), INDEX(_xlpm.uPos, MATCH(MAX(_xlpm.counts), _xlpm.counts, 0)) ), "N/A")} -> SS
A93: =TEXT(Table1[[#This Row],[Date]],"yyyymmdd") & "_" & (LEFT(D93,3) & "_" & LEFT(E93,3) & "_" & (Table1[[#This Row],[Game_no.]])) -> 20260208_Car_Con_1 | B93: 46061 | C93: 1 | D93: Carson-Newman | E93: Concord | F93: Concord | G93: Carson-Newman | H93: K.Sholter | I93: =TRIM(SUBSTITUTE(Table1[[#This Row],[Player]], " ", "")) -> K.Sholter | J93: 2 | K93: 0 | L93: 0 | M93: 0 | N93: 0 | O93: 0 | P93: 0 | Q93: 0 | R93: 0 | S93: 0 | T93: 0 | U93: 0 | V93: =L93*1+P93*2+Q93*3+R93*4 -> 0 | W93: RF | X93: 5 | Y93: 0 | AF93: =Table1[[#This Row],[AB]]+Table1[[#This Row],[BB]]+Table1[[#This Row],[SF]] -> 2 | AG93: =Table1[[#This Row],[H]]+Table1[[#This Row],[BB]] -> 0 | AH93: =Table1[[#This Row],[H]]-Table1[[#This Row],[2B]]-Table1[[#This Row],[3B]]-Table1[[#This Row],[HR]] -> 0 | AI93: =IF(Table1[[#This Row],[Team_Game_Number]] >_xlfn.MAXIFS(Table1[Team_Game_Number],Table1[Team],Table1[[#This Row],[Team]]) - 5,1,0) -> 0 | AJ93: {=MATCH(Table1[[#This Row],[Game_ID]],_xlfn.UNIQUE(_xlfn._xlws.FILTER(Table1[Game_ID],Table1[Team]=Table1[[#This Row],[Team]])),0)} -> 2 | AK93: =IF(Table1[[#This Row],[Last5_Flag]]=1,1,0) -> 0 | AL93: =COUNTIFS( Table1[Player Name], Table1[[#This Row],[Player Name]], Table1[Position], Table1[[#This Row],[Position]] ) -> 1 | AM93: {=IFERROR( _xlfn.LET( _xlpm.player, Table1[[#This Row],[Player Name]], _xlpm.uPos, _xlfn.UNIQUE(_xlfn._xlws.FILTER(Table1[Position], Table1[Player Name]=_xlpm.player)), _xlpm.counts, _xlfn.MAP(_xlpm.uPos, _xlfn.LAMBDA(_xlpm.p, COUNTIFS(Table1[Player Name], _xlpm.player, Table1[Position], _xlpm.p))), INDEX(_xlpm.uPos, MATCH(MAX(_xlpm.counts), _xlpm.counts, 0)) ), "N/A")} -> C
A94: =TEXT(Table1[[#This Row],[Date]],"yyyymmdd") & "_" & (LEFT(D94,3) & "_" & LEFT(E94,3) & "_" & (Table1[[#This Row],[Game_no.]])) -> 20260208_Car_Con_1 | B94: 46061 | C94: 1 | D94: Carson-Newman | E94: Concord | F94: Concord | G94: Carson-Newman | H94: M.Gleason | I94: =TRIM(SUBSTITUTE(Table1[[#This Row],[Player]], " ", "")) -> M.Gleason | J94: 0 | K94: 0 | L94: 0 | M94: 0 | N94: 1 | O94: 0 | P94: 0 | Q94: 0 | R94: 0 | S94: 0 | T94: 0 | U94: 0 | V94: =L94*1+P94*2+Q94*3+R94*4 -> 0 | W94: PH | X94: 5 | Y94: 0 | AF94: =Table1[[#This Row],[AB]]+Table1[[#This Row],[BB]]+Table1[[#This Row],[SF]] -> 1 | AG94: =Table1[[#This Row],[H]]+Table1[[#This Row],[BB]] -> 1 | AH94: =Table1[[#This Row],[H]]-Table1[[#This Row],[2B]]-Table1[[#This Row],[3B]]-Table1[[#This Row],[HR]] -> 0 | AI94: =IF(Table1[[#This Row],[Team_Game_Number]] >_xlfn.MAXIFS(Table1[Team_Game_Number],Table1[Team],Table1[[#This Row],[Team]]) - 5,1,0) -> 0 | AJ94: {=MATCH(Table1[[#This Row],[Game_ID]],_xlfn.UNIQUE(_xlfn._xlws.FILTER(Table1[Game_ID],Table1[Team]=Table1[[#This Row],[Team]])),0)} -> 2 | AK94: =IF(Table1[[#This Row],[Last5_Flag]]=1,1,0) -> 0 | AL94: =COUNTIFS( Table1[Player Name], Table1[[#This Row],[Player Name]], Table1[Position], Table1[[#This Row],[Position]] ) -> 1 | AM94: {=IFERROR( _xlfn.LET( _xlpm.player, Table1[[#This Row],[Player Name]], _xlpm.uPos, _xlfn.UNIQUE(_xlfn._xlws.FILTER(Table1[Position], Table1[Player Name]=_xlpm.player)), _xlpm.counts, _xlfn.MAP(_xlpm.uPos, _xlfn.LAMBDA(_xlpm.p, COUNTIFS(Table1[Player Name], _xlpm.player, Table1[Position], _xlpm.p))), INDEX(_xlpm.uPos, MATCH(MAX(_xlpm.counts), _xlpm.counts, 0)) ), "N/A")} -> LF
A95: =TEXT(Table1[[#This Row],[Date]],"yyyymmdd") & "_" & (LEFT(D95,3) & "_" & LEFT(E95,3) & "_" & (Table1[[#This Row],[Game_no.]])) -> 20260208_Car_Con_1 | B95: 46061 | C95: 1 | D95: Carson-Newman | E95: Concord | F95: Concord | G95: Carson-Newman | H95: H.Niten | I95: =TRIM(SUBSTITUTE(Table1[[#This Row],[Player]], " ", "")) -> H.Niten | J95: 3 | K95: 0 | L95: 1 | M95: 0 | N95: 0 | O95: 1 | P95: 0 | Q95: 0 | R95: 0 | S95: 0 | T95: 0 | U95: 0 | V95: =L95*1+P95*2+Q95*3+R95*4 -> 1 | W95: C | X95: 6 | Y95: 0 | AF95: =Table1[[#This Row],[AB]]+Table1[[#This Row],[BB]]+Table1[[#This Row],[SF]] -> 3 | AG95: =Table1[[#This Row],[H]]+Table1[[#This Row],[BB]] -> 1 | AH95: =Table1[[#This Row],[H]]-Table1[[#This Row],[2B]]-Table1[[#This Row],[3B]]-Table1[[#This Row],[HR]] -> 1 | AI95: =IF(Table1[[#This Row],[Team_Game_Number]] >_xlfn.MAXIFS(Table1[Team_Game_Number],Table1[Team],Table1[[#This Row],[Team]]) - 5,1,0) -> 0 | AJ95: {=MATCH(Table1[[#This Row],[Game_ID]],_xlfn.UNIQUE(_xlfn._xlws.FILTER(Table1[Game_ID],Table1[Team]=Table1[[#This Row],[Team]])),0)} -> 2 | AK95: =IF(Table1[[#This Row],[Last5_Flag]]=1,1,0) -> 0 | AL95: =COUNTIFS( Table1[Player Name], Table1[[#This Row],[Player Name]], Table1[Position], Table1[[#This Row],[Position]] ) -> 11 | AM95: {=IFERROR( _xlfn.LET( _xlpm.player, Table1[[#This Row],[Player Name]], _xlpm.uPos, _xlfn.UNIQUE(_xlfn._xlws.FILTER(Table1[Position], Table1[Player Name]=_xlpm.player)), _xlpm.counts, _xlfn.MAP(_xlpm.uPos, _xlfn.LAMBDA(_xlpm.p, COUNTIFS(Table1[Player Name], _xlpm.player, Table1[Position], _xlpm.p))), INDEX(_xlpm.uPos, MATCH(MAX(_xlpm.counts), _xlpm.counts, 0)) ), "N/A")} -> C
A96: =TEXT(Table1[[#This Row],[Date]],"yyyymmdd") & "_" & (LEFT(D96,3) & "_" & LEFT(E96,3) & "_" & (Table1[[#This Row],[Game_no.]])) -> 20260208_Car_Con_1 | B96: 46061 | C96: 1 | D96: Carson-Newman | E96: Concord | F96: Concord | G96: Carson-Newman | H96: M.Hollis | I96: =TRIM(SUBSTITUTE(Table1[[#This Row],[Player]], " ", "")) -> M.Hollis | J96: 2 | K96: 0 | L96: 0 | M96: 0 | N96: 1 | O96: 1 | P96: 0 | Q96: 0 | R96: 0 | S96: 0 | T96: 0 | U96: 0 | V96: =L96*1+P96*2+Q96*3+R96*4 -> 0 | W96: P | X96: 7 | Y96: 0 | Z96: 8 | AA96: 4 | AB96: 0 | AC96: 0 | AD96: 1 | AE96: 2 | AF96: =Table1[[#This Row],[AB]]+Table1[[#This Row],[BB]]+Table1[[#This Row],[SF]] -> 3 | AG96: =Table1[[#This Row],[H]]+Table1[[#This Row],[BB]] -> 1 | AH96: =Table1[[#This Row],[H]]-Table1[[#This Row],[2B]]-Table1[[#This Row],[3B]]-Table1[[#This Row],[HR]] -> 0 | AI96: =IF(Table1[[#This Row],[Team_Game_Number]] >_xlfn.MAXIFS(Table1[Team_Game_Number],Table1[Team],Table1[[#This Row],[Team]]) - 5,1,0) -> 0 | AJ96: {=MATCH(Table1[[#This Row],[Game_ID]],_xlfn.UNIQUE(_xlfn._xlws.FILTER(Table1[Game_ID],Table1[Team]=Table1[[#This Row],[Team]])),0)} -> 2 | AK96: =IF(Table1[[#This Row],[Last5_Flag]]=1,1,0) -> 0 | AL96: =COUNTIFS( Table1[Player Name], Table1[[#This Row],[Player Name]], Table1[Position], Table1[[#This Row],[Position]] ) -> 10 | AM96: {=IFERROR( _xlfn.LET( _xlpm.player, Table1[[#This Row],[Player Name]], _xlpm.uPos, _xlfn.UNIQUE(_xlfn._xlws.FILTER(Table1[Position], Table1[Player Name]=_xlpm.player)), _xlpm.counts, _xlfn.MAP(_xlpm.uPos, _xlfn.LAMBDA(_xlpm.p, COUNTIFS(Table1[Player Name], _xlpm.player, Table1[Position], _xlpm.p))), INDEX(_xlpm.uPos, MATCH(MAX(_xlpm.counts), _xlpm.counts, 0)) ), "N/A")} -> P
A97: =TEXT(Table1[[#This Row],[Date]],"yyyymmdd") & "_" & (LEFT(D97,3) & "_" & LEFT(E97,3) & "_" & (Table1[[#This Row],[Game_no.]])) -> 20260208_Car_Con_1 | B97: 46061 | C97: 1 | D97: Carson-Newman | E97: Concord | F97: Concord | G97: Carson-Newman | H97: K.McCord | I97: =TRIM(SUBSTITUTE(Table1[[#This Row],[Player]], " ", "")) -> K.McCord | J97: 3 | K97: 0 | L97: 1 | M97: 1 | N97: 0 | O97: 1 | P97: 0 | Q97: 0 | R97: 0 | S97: 0 | T97: 0 | U97: 0 | V97: =L97*1+P97*2+Q97*3+R97*4 -> 1 | W97: 2B | X97: 8 | Y97: 0 | AF97: =Table1[[#This Row],[AB]]+Table1[[#This Row],[BB]]+Table1[[#This Row],[SF]] -> 3 | AG97: =Table1[[#This Row],[H]]+Table1[[#This Row],[BB]] -> 1 | AH97: =Table1[[#This Row],[H]]-Table1[[#This Row],[2B]]-Table1[[#This Row],[3B]]-Table1[[#This Row],[HR]] -> 1 | AI97: =IF(Table1[[#This Row],[Team_Game_Number]] >_xlfn.MAXIFS(Table1[Team_Game_Number],Table1[Team],Table1[[#This Row],[Team]]) - 5,1,0) -> 0 | AJ97: {=MATCH(Table1[[#This Row],[Game_ID]],_xlfn.UNIQUE(_xlfn._xlws.FILTER(Table1[Game_ID],Table1[Team]=Table1[[#This Row],[Team]])),0)} -> 2 | AK97: =IF(Table1[[#This Row],[Last5_Flag]]=1,1,0) -> 0 | AL97: =COUNTIFS( Table1[Player Name], Table1[[#This Row],[Player Name]], Table1[Position], Table1[[#This Row],[Position]] ) -> 22 | AM97: {=IFERROR( _xlfn.LET( _xlpm.player, Table1[[#This Row],[Player Name]], _xlpm.uPos, _xlfn.UNIQUE(_xlfn._xlws.FILTER(Table1[Position], Table1[Player Name]=_xlpm.player)), _xlpm.counts, _xlfn.MAP(_xlpm.uPos, _xlfn.LAMBDA(_xlpm.p, COUNTIFS(Table1[Player Name], _xlpm.player, Table1[Position], _xlpm.p))), INDEX(_xlpm.uPos, MATCH(MAX(_xlpm.counts), _xlpm.counts, 0)) ), "N/A")} -> 2B
A98: =TEXT(Table1[[#This Row],[Date]],"yyyymmdd") & "_" & (LEFT(D98,3) & "_" & LEFT(E98,3) & "_" & (Table1[[#This Row],[Game_no.]])) -> 20260208_Car_Con_1 | B98: 46061 | C98: 1 | D98: Carson-Newman | E98: Concord | F98: Concord | G98: Carson-Newman | H98: G.Dodson | I98: =TRIM(SUBSTITUTE(Table1[[#This Row],[Player]], " ", "")) -> G.Dodson | J98: 2 | K98: 0 | L98: 0 | M98: 0 | N98: 0 | O98: 0 | P98: 0 | Q98: 0 | R98: 0 | S98: 0 | T98: 0 | U98: 0 | V98: =L98*1+P98*2+Q98*3+R98*4 -> 0 | W98: LF | X98: 9 | Y98: 0 | AF98: =Table1[[#This Row],[AB]]+Table1[[#This Row],[BB]]+Table1[[#This Row],[SF]] -> 2 | AG98: =Table1[[#This Row],[H]]+Table1[[#This Row],[BB]] -> 0 | AH98: =Table1[[#This Row],[H]]-Table1[[#This Row],[2B]]-Table1[[#This Row],[3B]]-Table1[[#This Row],[HR]] -> 0 | AI98: =IF(Table1[[#This Row],[Team_Game_Number]] >_xlfn.MAXIFS(Table1[Team_Game_Number],Table1[Team],Table1[[#This Row],[Team]]) - 5,1,0) -> 0 | AJ98: {=MATCH(Table1[[#This Row],[Game_ID]],_xlfn.UNIQUE(_xlfn._xlws.FILTER(Table1[Game_ID],Table1[Team]=Table1[[#This Row],[Team]])),0)} -> 2 | AK98: =IF(Table1[[#This Row],[Last5_Flag]]=1,1,0) -> 0 | AL98: =COUNTIFS( Table1[Player Name], Table1[[#This Row],[Player Name]], Table1[Position], Table1[[#This Row],[Position]] ) -> 6 | AM98: {=IFERROR( _xlfn.LET( _xlpm.player, Table1[[#This Row],[Player Name]], _xlpm.uPos, _xlfn.UNIQUE(_xlfn._xlws.FILTER(Table1[Position], Table1[Player Name]=_xlpm.player)), _xlpm.counts, _xlfn.MAP(_xlpm.uPos, _xlfn.LAMBDA(_xlpm.p, COUNTIFS(Table1[Player Name], _xlpm.player, Table1[Position], _xlpm.p))), INDEX(_xlpm.uPos, MATCH(MAX(_xlpm.counts), _xlpm.counts, 0)) ), "N/A")} -> RF
A99: =TEXT(Table1[[#This Row],[Date]],"yyyymmdd") & "_" & (LEFT(D99,3) & "_" & LEFT(E99,3) & "_" & (Table1[[#This Row],[Game_no.]])) -> 20260209_Lin_Gle_1 | B99: 46062 | C99: 1 | D99: Lincoln Memorial | E99: Glenville | F99: Glenville | G99: Lincoln Memorial | H99: Z.Seda | I99: =TRIM(SUBSTITUTE(Table1[[#This Row],[Player]], " ", "")) -> Z.Seda | J99: 4 | K99: 1 | L99: 2 | M99: 0 | N99: 0 | O99: 0 | P99: 0 | Q99: 0 | R99: 0 | S99: 1 | T99: 0 | U99: 0 | V99: =L99*1+P99*2+Q99*3+R99*4 -> 2 | W99: 2B | X99: 1 | Y99: 0 | AF99: =Table1[[#This Row],[AB]]+Table1[[#This Row],[BB]]+Table1[[#This Row],[SF]] -> 4 | AG99: =Table1[[#This Row],[H]]+Table1[[#This Row],[BB]] -> 2 | AH99: =Table1[[#This Row],[H]]-Table1[[#This Row],[2B]]-Table1[[#This Row],[3B]]-Table1[[#This Row],[HR]] -> 2 | AI99: =IF(Table1[[#This Row],[Team_Game_Number]] >_xlfn.MAXIFS(Table1[Team_Game_Number],Table1[Team],Table1[[#This Row],[Team]]) - 5,1,0) -> 0 | AJ99: {=MATCH(Table1[[#This Row],[Game_ID]],_xlfn.UNIQUE(_xlfn._xlws.FILTER(Table1[Game_ID],Table1[Team]=Table1[[#This Row],[Team]])),0)} -> 3 | AK99: =IF(Table1[[#This Row],[Last5_Flag]]=1,1,0) -> 0 | AL99: =COUNTIFS( Table1[Player Name], Table1[[#This Row],[Player Name]], Table1[Position], Table1[[#This Row],[Position]] ) -> 30 | AM99: {=IFERROR( _xlfn.LET( _xlpm.player, Table1[[#This Row],[Player Name]], _xlpm.uPos, _xlfn.UNIQUE(_xlfn._xlws.FILTER(Table1[Position], Table1[Player Name]=_xlpm.player)), _xlpm.counts, _xlfn.MAP(_xlpm.uPos, _xlfn.LAMBDA(_xlpm.p, COUNTIFS(Table1[Player Name], _xlpm.player, Table1[Position], _xlpm.p))), INDEX(_xlpm.uPos, MATCH(MAX(_xlpm.counts), _xlpm.counts, 0)) ), "N/A")} -> 2B
A100: =TEXT(Table1[[#This Row],[Date]],"yyyymmdd") & "_" & (LEFT(D100,3) & "_" & LEFT(E100,3) & "_" & (Table1[[#This Row],[Game_no.]])) -> 20260209_Lin_Gle_1 | B100: 46062 | C100: 1 | D100: Lincoln Memorial | E100: Glenville | F100: Glenville | G100: Lincoln Memorial | H100: S.McDaniels | I100: =TRIM(SUBSTITUTE(Table1[[#This Row],[Player]], " ", "")) -> S.McDaniels | J100: 4 | K100: 0 | L100: 2 | M100: 0 | N100: 0 | O100: 0 | P100: 1 | Q100: 0 | R100: 0 | S100: 0 | T100: 0 | U100: 0 | V100: =L100*1+P100*2+Q100*3+R100*4 -> 4 | W100: LF | X100: 2 | Y100: 0 | AF100: =Table1[[#This Row],[AB]]+Table1[[#This Row],[BB]]+Table1[[#This Row],[SF]] -> 4 | AG100: =Table1[[#This Row],[H]]+Table1[[#This Row],[BB]] -> 2 | AH100: =Table1[[#This Row],[H]]-Table1[[#This Row],[2B]]-Table1[[#This Row],[3B]]-Table1[[#This Row],[HR]] -> 1 | AI100: =IF(Table1[[#This Row],[Team_Game_Number]] >_xlfn.MAXIFS(Table1[Team_Game_Number],Table1[Team],Table1[[#This Row],[Team]]) - 5,1,0) -> 0 | AJ100: {=MATCH(Table1[[#This Row],[Game_ID]],_xlfn.UNIQUE(_xlfn._xlws.FILTER(Table1[Game_ID],Table1[Team]=Table1[[#This Row],[Team]])),0)} -> 3 | AK100: =IF(Table1[[#This Row],[Last5_Flag]]=1,1,0) -> 0 | AL100: =COUNTIFS( Table1[Player Name], Table1[[#This Row],[Player Name]], Table1[Position], Table1[[#This Row],[Position]] ) -> 30 | AM100: {=IFERROR( _xlfn.LET( _xlpm.player, Table1[[#This Row],[Player Name]], _xlpm.uPos, _xlfn.UNIQUE(_xlfn._xlws.FILTER(Table1[Position], Table1[Player Name]=_xlpm.player)), _xlpm.counts, _xlfn.MAP(_xlpm.uPos, _xlfn.LAMBDA(_xlpm.p, COUNTIFS(Table1[Player Name], _xlpm.player, Table1[Position], _xlpm.p))), INDEX(_xlpm.uPos, MATCH(MAX(_xlpm.counts), _xlpm.counts, 0)) ), "N/A")} -> LF
...

Sheet LineupKey
A1: Team | B1: Batting Spot | C1: Player | D1: Last5_Flag | E1: Count
A2: {=Table1[Team]} -> D&E | B2: {=Table1[Batting_Spot]} -> 1 | C2: {=Table1[Player]} -> C.Dobbs | D2: {=Table1[Last5_Flag]} -> 0 | E2: =COUNTIFS(Table1[Team], A2, Table1[Batting_Spot], B2, Table1[Player], C2, Table1[Last5_Flag], D2) -> 1
A3: D&E | B3: 2 | C3: M.Henkle | D3: 0 | E3: =COUNTIFS(Table1[Team], A3, Table1[Batting_Spot], B3, Table1[Player], C3, Table1[Last5_Flag], D3) -> 1
A4: D&E | B4: 3 | C4: A.Zapach | D4: 0 | E4: =COUNTIFS(Table1[Team], A4, Table1[Batting_Spot], B4, Table1[Player], C4, Table1[Last5_Flag], D4) -> 17
A5: D&E | B5: 4 | C5: A.Higgins | D5: 0 | E5: =COUNTIFS(Table1[Team], A5, Table1[Batting_Spot], B5, Table1[Player], C5, Table1[Last5_Flag], D5) -> 12
A6: D&E | B6: 5 | C6: T.Fleming | D6: 0 | E6: =COUNTIFS(Table1[Team], A6, Table1[Batting_Spot], B6, Table1[Player], C6, Table1[Last5_Flag], D6) -> 10
A7: D&E | B7: 6 | C7: G.Wessling | D7: 0 | E7: =COUNTIFS(Table1[Team], A7, Table1[Batting_Spot], B7, Table1[Player], C7, Table1[Last5_Flag], D7) -> 4
